ISO-10303-21;
HEADER;
/* Generated by software containing ST-Developer
 * from STEP Tools, Inc. (www.steptools.com) 
 */

FILE_DESCRIPTION(
/* description */ (''),
/* implementation_level */ '2;1');

FILE_NAME(
/* name */ 'O4 Wide.step',
/* time_stamp */ '2026-01-02T21:26:19+01:00',
/* author */ (''),
/* organization */ (''),
/* preprocessor_version */ 'ST-DEVELOPER v20.1',
/* originating_system */ 'Autodesk Translation Framework v14.21.0.0',
/* authorisation */ '');

FILE_SCHEMA (('AUTOMOTIVE_DESIGN { 1 0 10303 214 3 1 1 }'));
ENDSEC;

DATA;
#10=MECHANICAL_DESIGN_GEOMETRIC_PRESENTATION_REPRESENTATION('',(#13),#2974);
#11=SHAPE_REPRESENTATION_RELATIONSHIP('SRR','None',#2981,#12);
#12=ADVANCED_BREP_SHAPE_REPRESENTATION('',(#14),#2973);
#13=STYLED_ITEM('',(#2990),#14);
#14=MANIFOLD_SOLID_BREP('K\X\F6rper1',#1524);
#15=CONICAL_SURFACE('',#1653,7.61127989705922,0.191861469584119);
#16=CONICAL_SURFACE('',#1670,7.61127989705922,0.191861469584119);
#17=CONICAL_SURFACE('',#1695,6.15,1.21202565652432);
#18=(
BOUNDED_CURVE()
B_SPLINE_CURVE(5,(#2477,#2478,#2479,#2480,#2481,#2482,#2483,#2484,#2485),
 .UNSPECIFIED.,.F.,.F.)
B_SPLINE_CURVE_WITH_KNOTS((6,1,1,1,6),(0.,0.2,0.4,0.6,0.705455388784406),
 .UNSPECIFIED.)
CURVE()
GEOMETRIC_REPRESENTATION_ITEM()
RATIONAL_B_SPLINE_CURVE((1.,1.,1.,1.,1.,1.,1.,1.,1.))
REPRESENTATION_ITEM('')
);
#19=(
BOUNDED_CURVE()
B_SPLINE_CURVE(5,(#2488,#2489,#2490,#2491,#2492,#2493,#2494,#2495,#2496),
 .UNSPECIFIED.,.F.,.F.)
B_SPLINE_CURVE_WITH_KNOTS((6,1,1,1,6),(-0.705455388784406,-0.6,-0.4,-0.2,
0.),.UNSPECIFIED.)
CURVE()
GEOMETRIC_REPRESENTATION_ITEM()
RATIONAL_B_SPLINE_CURVE((1.,1.,1.,1.,1.,1.,1.,1.,1.))
REPRESENTATION_ITEM('')
);
#20=(
BOUNDED_CURVE()
B_SPLINE_CURVE(5,(#2533,#2534,#2535,#2536,#2537,#2538,#2539),
 .UNSPECIFIED.,.F.,.F.)
B_SPLINE_CURVE_WITH_KNOTS((6,1,6),(0.705455388785194,0.8,1.),
 .UNSPECIFIED.)
CURVE()
GEOMETRIC_REPRESENTATION_ITEM()
RATIONAL_B_SPLINE_CURVE((1.,1.,1.,1.,1.,1.,1.))
REPRESENTATION_ITEM('')
);
#21=(
BOUNDED_CURVE()
B_SPLINE_CURVE(5,(#2542,#2543,#2544,#2545,#2546,#2547,#2548),
 .UNSPECIFIED.,.F.,.F.)
B_SPLINE_CURVE_WITH_KNOTS((6,1,6),(-1.,-0.8,-0.705455388785194),
 .UNSPECIFIED.)
CURVE()
GEOMETRIC_REPRESENTATION_ITEM()
RATIONAL_B_SPLINE_CURVE((1.,1.,1.,1.,1.,1.,1.))
REPRESENTATION_ITEM('')
);
#22=(
BOUNDED_SURFACE()
B_SPLINE_SURFACE(5,2,((#2430,#2431,#2432,#2433,#2434),(#2435,#2436,#2437,
#2438,#2439),(#2440,#2441,#2442,#2443,#2444),(#2445,#2446,#2447,#2448,#2449),
(#2450,#2451,#2452,#2453,#2454),(#2455,#2456,#2457,#2458,#2459),(#2460,
#2461,#2462,#2463,#2464),(#2465,#2466,#2467,#2468,#2469),(#2470,#2471,#2472,
#2473,#2474)),.UNSPECIFIED.,.F.,.F.,.F.)
B_SPLINE_SURFACE_WITH_KNOTS((6,1,1,1,6),(3,2,3),(-0.705455388784406,-0.6,
-0.4,-0.2,0.),(0.,1.5707963267949,3.14159265358979),.UNSPECIFIED.)
GEOMETRIC_REPRESENTATION_ITEM()
RATIONAL_B_SPLINE_SURFACE(((1.,0.707106781186548,1.,0.707106781186548,1.),
(1.,0.707106781186548,1.,0.707106781186548,1.),(1.,0.707106781186548,1.,
0.707106781186548,1.),(1.,0.707106781186548,1.,0.707106781186548,1.),(1.,
0.707106781186548,1.,0.707106781186548,1.),(1.,0.707106781186548,1.,0.707106781186548,
1.),(1.,0.707106781186548,1.,0.707106781186548,1.),(1.,0.707106781186548,
1.,0.707106781186548,1.),(1.,0.707106781186548,1.,0.707106781186548,1.)))
REPRESENTATION_ITEM('')
SURFACE()
);
#23=(
BOUNDED_SURFACE()
B_SPLINE_SURFACE(5,2,((#2497,#2498,#2499,#2500,#2501),(#2502,#2503,#2504,
#2505,#2506),(#2507,#2508,#2509,#2510,#2511),(#2512,#2513,#2514,#2515,#2516),
(#2517,#2518,#2519,#2520,#2521),(#2522,#2523,#2524,#2525,#2526),(#2527,
#2528,#2529,#2530,#2531)),.UNSPECIFIED.,.F.,.F.,.F.)
B_SPLINE_SURFACE_WITH_KNOTS((6,1,6),(3,2,3),(0.705455388785194,0.8,1.),
(0.,1.5707963267949,3.14159265358979),.UNSPECIFIED.)
GEOMETRIC_REPRESENTATION_ITEM()
RATIONAL_B_SPLINE_SURFACE(((1.,0.707106781186548,1.,0.707106781186548,1.),
(1.,0.707106781186548,1.,0.707106781186548,1.),(1.,0.707106781186548,1.,
0.707106781186548,1.),(1.,0.707106781186548,1.,0.707106781186548,1.),(1.,
0.707106781186548,1.,0.707106781186548,1.),(1.,0.707106781186548,1.,0.707106781186548,
1.),(1.,0.707106781186548,1.,0.707106781186548,1.)))
REPRESENTATION_ITEM('')
SURFACE()
);
#24=(
BOUNDED_SURFACE()
B_SPLINE_SURFACE(5,2,((#2887,#2888,#2889,#2890,#2891),(#2892,#2893,#2894,
#2895,#2896),(#2897,#2898,#2899,#2900,#2901),(#2902,#2903,#2904,#2905,#2906),
(#2907,#2908,#2909,#2910,#2911),(#2912,#2913,#2914,#2915,#2916),(#2917,
#2918,#2919,#2920,#2921),(#2922,#2923,#2924,#2925,#2926),(#2927,#2928,#2929,
#2930,#2931)),.UNSPECIFIED.,.F.,.F.,.F.)
B_SPLINE_SURFACE_WITH_KNOTS((6,1,1,1,6),(3,2,3),(-0.705455388784406,-0.6,
-0.4,-0.2,0.),(0.,1.5707963267949,3.14159265358979),.UNSPECIFIED.)
GEOMETRIC_REPRESENTATION_ITEM()
RATIONAL_B_SPLINE_SURFACE(((1.,0.707106781186548,1.,0.707106781186548,1.),
(1.,0.707106781186548,1.,0.707106781186548,1.),(1.,0.707106781186548,1.,
0.707106781186548,1.),(1.,0.707106781186548,1.,0.707106781186548,1.),(1.,
0.707106781186548,1.,0.707106781186548,1.),(1.,0.707106781186548,1.,0.707106781186548,
1.),(1.,0.707106781186548,1.,0.707106781186548,1.),(1.,0.707106781186548,
1.,0.707106781186548,1.),(1.,0.707106781186548,1.,0.707106781186548,1.)))
REPRESENTATION_ITEM('')
SURFACE()
);
#25=(
BOUNDED_SURFACE()
B_SPLINE_SURFACE(5,2,((#2936,#2937,#2938,#2939,#2940),(#2941,#2942,#2943,
#2944,#2945),(#2946,#2947,#2948,#2949,#2950),(#2951,#2952,#2953,#2954,#2955),
(#2956,#2957,#2958,#2959,#2960),(#2961,#2962,#2963,#2964,#2965),(#2966,
#2967,#2968,#2969,#2970)),.UNSPECIFIED.,.F.,.F.,.F.)
B_SPLINE_SURFACE_WITH_KNOTS((6,1,6),(3,2,3),(0.705455388785194,0.8,1.),
(0.,1.5707963267949,3.14159265358979),.UNSPECIFIED.)
GEOMETRIC_REPRESENTATION_ITEM()
RATIONAL_B_SPLINE_SURFACE(((1.,0.707106781186548,1.,0.707106781186548,1.),
(1.,0.707106781186548,1.,0.707106781186548,1.),(1.,0.707106781186548,1.,
0.707106781186548,1.),(1.,0.707106781186548,1.,0.707106781186548,1.),(1.,
0.707106781186548,1.,0.707106781186548,1.),(1.,0.707106781186548,1.,0.707106781186548,
1.),(1.,0.707106781186548,1.,0.707106781186548,1.)))
REPRESENTATION_ITEM('')
SURFACE()
);
#26=FACE_BOUND('',#210,.T.);
#27=FACE_BOUND('',#211,.T.);
#28=FACE_BOUND('',#262,.T.);
#29=FACE_BOUND('',#263,.T.);
#30=B_SPLINE_CURVE_WITH_KNOTS('',3,(#2212,#2213,#2214,#2215,#2216,#2217,
#2218,#2219,#2220,#2221,#2222,#2223,#2224,#2225,#2226,#2227,#2228,#2229,
#2230,#2231,#2232,#2233,#2234,#2235,#2236,#2237,#2238),.UNSPECIFIED.,.F.,
 .F.,(4,2,2,2,2,2,3,2,2,2,2,2,4),(-0.175464326520592,-0.133221077468811,
-0.0884958340484482,-0.0437705906280856,-0.0218852953140428,-0.0109426476570214,
0.,0.0109426476570214,0.0218852953140428,0.0437705906280857,0.0884958340484482,
0.133221077468811,0.175464326520592),.UNSPECIFIED.);
#31=B_SPLINE_CURVE_WITH_KNOTS('',3,(#2243,#2244,#2245,#2246,#2247,#2248,
#2249,#2250,#2251,#2252,#2253,#2254,#2255,#2256),.UNSPECIFIED.,.F.,.F.,
(4,2,2,2,2,2,4),(-0.175464326520592,-0.133221077468811,-0.0884958340484482,
-0.0437705906280855,-0.0218852953140428,-0.0109426476570215,0.),
 .UNSPECIFIED.);
#32=B_SPLINE_CURVE_WITH_KNOTS('',3,(#2258,#2259,#2260,#2261,#2262,#2263,
#2264,#2265,#2266,#2267,#2268,#2269,#2270,#2271),.UNSPECIFIED.,.F.,.F.,
(4,2,2,2,2,2,4),(0.,0.0109426476570214,0.0218852953140427,0.0437705906280854,
0.0884958340484481,0.133221077468811,0.175464326520592),.UNSPECIFIED.);
#33=B_SPLINE_CURVE_WITH_KNOTS('',3,(#2285,#2286,#2287,#2288,#2289,#2290,
#2291,#2292),.UNSPECIFIED.,.F.,.F.,(4,2,2,4),(-0.050909726911538,-0.0505445493257167,
-0.0252722746628584,0.),.UNSPECIFIED.);
#34=B_SPLINE_CURVE_WITH_KNOTS('',3,(#2299,#2300,#2301,#2302,#2303,#2304,
#2305,#2306),.UNSPECIFIED.,.F.,.F.,(4,2,2,4),(0.0514112974561196,0.0736013871826753,
0.125114255395005,0.176627123607335),.UNSPECIFIED.);
#35=B_SPLINE_CURVE_WITH_KNOTS('',3,(#2315,#2316,#2317,#2318,#2319,#2320,
#2321,#2322,#2323,#2324),.UNSPECIFIED.,.F.,.F.,(4,2,2,2,4),(0.742013605062858,
0.833931832390241,0.925850059717624,1.02323829934774,1.12062653897785),
 .UNSPECIFIED.);
#36=B_SPLINE_CURVE_WITH_KNOTS('',3,(#2350,#2351,#2352,#2353,#2354,#2355),
 .UNSPECIFIED.,.F.,.F.,(4,2,4),(0.,0.0368006935913376,0.0514112974561185),
 .UNSPECIFIED.);
#37=B_SPLINE_CURVE_WITH_KNOTS('',3,(#2357,#2358,#2359,#2360,#2361,#2362,
#2363,#2364),.UNSPECIFIED.,.F.,.F.,(4,2,2,4),(0.0514112974561196,0.0736013871826753,
0.125114255395005,0.176627123607335),.UNSPECIFIED.);
#38=B_SPLINE_CURVE_WITH_KNOTS('',3,(#2377,#2378,#2379,#2380,#2381,#2382,
#2383,#2384,#2385,#2386),.UNSPECIFIED.,.F.,.F.,(4,2,2,2,4),(0.363400671147866,
0.460788910777979,0.558177150408093,0.650095377735475,0.742013605062858),
 .UNSPECIFIED.);
#39=B_SPLINE_CURVE_WITH_KNOTS('',3,(#2621,#2622,#2623,#2624,#2625,#2626,
#2627,#2628),.UNSPECIFIED.,.F.,.F.,(4,2,2,4),(0.0514112974561196,0.0736013871826753,
0.125114255395005,0.176627123607335),.UNSPECIFIED.);
#40=B_SPLINE_CURVE_WITH_KNOTS('',3,(#2636,#2637,#2638,#2639,#2640,#2641,
#2642,#2643),.UNSPECIFIED.,.F.,.F.,(4,2,2,4),(0.0514112974561196,0.0736013871826753,
0.125114255395005,0.176627123607335),.UNSPECIFIED.);
#41=B_SPLINE_CURVE_WITH_KNOTS('',3,(#2648,#2649,#2650,#2651,#2652,#2653,
#2654,#2655,#2656,#2657,#2658,#2659,#2660,#2661,#2662,#2663,#2664,#2665,
#2666,#2667,#2668,#2669,#2670,#2671,#2672,#2673,#2674),.UNSPECIFIED.,.F.,
 .F.,(4,2,2,2,2,2,3,2,2,2,2,2,4),(-0.175464326520592,-0.133221077468811,
-0.0884958340484482,-0.0437705906280856,-0.0218852953140428,-0.0109426476570214,
0.,0.0109426476570214,0.0218852953140428,0.0437705906280857,0.0884958340484482,
0.133221077468811,0.175464326520592),.UNSPECIFIED.);
#42=B_SPLINE_CURVE_WITH_KNOTS('',3,(#2697,#2698,#2699,#2700,#2701,#2702,
#2703,#2704,#2705,#2706,#2707,#2708,#2709,#2710),.UNSPECIFIED.,.F.,.F.,
(4,2,2,2,2,2,4),(-0.175464326520592,-0.133221077468811,-0.0884958340484482,
-0.0437705906280855,-0.0218852953140428,-0.0109426476570215,0.),
 .UNSPECIFIED.);
#43=B_SPLINE_CURVE_WITH_KNOTS('',3,(#2713,#2714,#2715,#2716,#2717,#2718,
#2719,#2720,#2721,#2722,#2723,#2724,#2725,#2726),.UNSPECIFIED.,.F.,.F.,
(4,2,2,2,2,2,4),(0.,0.0109426476570214,0.0218852953140427,0.0437705906280854,
0.0884958340484481,0.133221077468811,0.175464326520592),.UNSPECIFIED.);
#44=B_SPLINE_CURVE_WITH_KNOTS('',3,(#2756,#2757,#2758,#2759,#2760,#2761,
#2762,#2763),.UNSPECIFIED.,.F.,.F.,(4,2,2,4),(-0.050909726911538,-0.0505445493257167,
-0.0252722746628584,0.),.UNSPECIFIED.);
#45=B_SPLINE_CURVE_WITH_KNOTS('',3,(#2777,#2778,#2779,#2780,#2781,#2782,
#2783,#2784,#2785,#2786),.UNSPECIFIED.,.F.,.F.,(4,2,2,2,4),(0.742013605062858,
0.833931832390241,0.925850059717624,1.02323829934774,1.12062653897785),
 .UNSPECIFIED.);
#46=B_SPLINE_CURVE_WITH_KNOTS('',3,(#2818,#2819,#2820,#2821,#2822,#2823),
 .UNSPECIFIED.,.F.,.F.,(4,2,4),(0.,0.0368006935913376,0.0514112974561185),
 .UNSPECIFIED.);
#47=B_SPLINE_CURVE_WITH_KNOTS('',3,(#2836,#2837,#2838,#2839,#2840,#2841,
#2842,#2843,#2844,#2845),.UNSPECIFIED.,.F.,.F.,(4,2,2,2,4),(0.363400671147866,
0.460788910777979,0.558177150408093,0.650095377735475,0.742013605062858),
 .UNSPECIFIED.);
#48=PLANE('',#1541);
#49=PLANE('',#1543);
#50=PLANE('',#1549);
#51=PLANE('',#1550);
#52=PLANE('',#1554);
#53=PLANE('',#1558);
#54=PLANE('',#1562);
#55=PLANE('',#1565);
#56=PLANE('',#1567);
#57=PLANE('',#1569);
#58=PLANE('',#1573);
#59=PLANE('',#1576);
#60=PLANE('',#1578);
#61=PLANE('',#1581);
#62=PLANE('',#1585);
#63=PLANE('',#1591);
#64=PLANE('',#1593);
#65=PLANE('',#1595);
#66=PLANE('',#1601);
#67=PLANE('',#1603);
#68=PLANE('',#1609);
#69=PLANE('',#1610);
#70=PLANE('',#1614);
#71=PLANE('',#1644);
#72=PLANE('',#1646);
#73=PLANE('',#1650);
#74=PLANE('',#1655);
#75=PLANE('',#1656);
#76=PLANE('',#1657);
#77=PLANE('',#1658);
#78=PLANE('',#1659);
#79=PLANE('',#1661);
#80=PLANE('',#1663);
#81=PLANE('',#1667);
#82=PLANE('',#1672);
#83=PLANE('',#1673);
#84=PLANE('',#1674);
#85=PLANE('',#1675);
#86=PLANE('',#1676);
#87=PLANE('',#1679);
#88=PLANE('',#1683);
#89=PLANE('',#1684);
#90=PLANE('',#1685);
#91=PLANE('',#1686);
#92=PLANE('',#1691);
#93=PLANE('',#1692);
#94=PLANE('',#1693);
#95=FACE_OUTER_BOUND('',#179,.T.);
#96=FACE_OUTER_BOUND('',#180,.T.);
#97=FACE_OUTER_BOUND('',#181,.T.);
#98=FACE_OUTER_BOUND('',#182,.T.);
#99=FACE_OUTER_BOUND('',#183,.T.);
#100=FACE_OUTER_BOUND('',#184,.T.);
#101=FACE_OUTER_BOUND('',#185,.T.);
#102=FACE_OUTER_BOUND('',#186,.T.);
#103=FACE_OUTER_BOUND('',#187,.T.);
#104=FACE_OUTER_BOUND('',#188,.T.);
#105=FACE_OUTER_BOUND('',#189,.T.);
#106=FACE_OUTER_BOUND('',#190,.T.);
#107=FACE_OUTER_BOUND('',#191,.T.);
#108=FACE_OUTER_BOUND('',#192,.T.);
#109=FACE_OUTER_BOUND('',#193,.T.);
#110=FACE_OUTER_BOUND('',#194,.T.);
#111=FACE_OUTER_BOUND('',#195,.T.);
#112=FACE_OUTER_BOUND('',#196,.T.);
#113=FACE_OUTER_BOUND('',#197,.T.);
#114=FACE_OUTER_BOUND('',#198,.T.);
#115=FACE_OUTER_BOUND('',#199,.T.);
#116=FACE_OUTER_BOUND('',#200,.T.);
#117=FACE_OUTER_BOUND('',#201,.T.);
#118=FACE_OUTER_BOUND('',#202,.T.);
#119=FACE_OUTER_BOUND('',#203,.T.);
#120=FACE_OUTER_BOUND('',#204,.T.);
#121=FACE_OUTER_BOUND('',#205,.T.);
#122=FACE_OUTER_BOUND('',#206,.T.);
#123=FACE_OUTER_BOUND('',#207,.T.);
#124=FACE_OUTER_BOUND('',#208,.T.);
#125=FACE_OUTER_BOUND('',#209,.T.);
#126=FACE_OUTER_BOUND('',#212,.T.);
#127=FACE_OUTER_BOUND('',#213,.T.);
#128=FACE_OUTER_BOUND('',#214,.T.);
#129=FACE_OUTER_BOUND('',#215,.T.);
#130=FACE_OUTER_BOUND('',#216,.T.);
#131=FACE_OUTER_BOUND('',#217,.T.);
#132=FACE_OUTER_BOUND('',#218,.T.);
#133=FACE_OUTER_BOUND('',#219,.T.);
#134=FACE_OUTER_BOUND('',#220,.T.);
#135=FACE_OUTER_BOUND('',#221,.T.);
#136=FACE_OUTER_BOUND('',#222,.T.);
#137=FACE_OUTER_BOUND('',#223,.T.);
#138=FACE_OUTER_BOUND('',#224,.T.);
#139=FACE_OUTER_BOUND('',#225,.T.);
#140=FACE_OUTER_BOUND('',#226,.T.);
#141=FACE_OUTER_BOUND('',#227,.T.);
#142=FACE_OUTER_BOUND('',#228,.T.);
#143=FACE_OUTER_BOUND('',#229,.T.);
#144=FACE_OUTER_BOUND('',#230,.T.);
#145=FACE_OUTER_BOUND('',#231,.T.);
#146=FACE_OUTER_BOUND('',#232,.T.);
#147=FACE_OUTER_BOUND('',#233,.T.);
#148=FACE_OUTER_BOUND('',#234,.T.);
#149=FACE_OUTER_BOUND('',#235,.T.);
#150=FACE_OUTER_BOUND('',#236,.T.);
#151=FACE_OUTER_BOUND('',#237,.T.);
#152=FACE_OUTER_BOUND('',#238,.T.);
#153=FACE_OUTER_BOUND('',#239,.T.);
#154=FACE_OUTER_BOUND('',#240,.T.);
#155=FACE_OUTER_BOUND('',#241,.T.);
#156=FACE_OUTER_BOUND('',#242,.T.);
#157=FACE_OUTER_BOUND('',#243,.T.);
#158=FACE_OUTER_BOUND('',#244,.T.);
#159=FACE_OUTER_BOUND('',#245,.T.);
#160=FACE_OUTER_BOUND('',#246,.T.);
#161=FACE_OUTER_BOUND('',#247,.T.);
#162=FACE_OUTER_BOUND('',#248,.T.);
#163=FACE_OUTER_BOUND('',#249,.T.);
#164=FACE_OUTER_BOUND('',#250,.T.);
#165=FACE_OUTER_BOUND('',#251,.T.);
#166=FACE_OUTER_BOUND('',#252,.T.);
#167=FACE_OUTER_BOUND('',#253,.T.);
#168=FACE_OUTER_BOUND('',#254,.T.);
#169=FACE_OUTER_BOUND('',#255,.T.);
#170=FACE_OUTER_BOUND('',#256,.T.);
#171=FACE_OUTER_BOUND('',#257,.T.);
#172=FACE_OUTER_BOUND('',#258,.T.);
#173=FACE_OUTER_BOUND('',#259,.T.);
#174=FACE_OUTER_BOUND('',#260,.T.);
#175=FACE_OUTER_BOUND('',#261,.T.);
#176=FACE_OUTER_BOUND('',#264,.T.);
#177=FACE_OUTER_BOUND('',#265,.T.);
#178=FACE_OUTER_BOUND('',#266,.T.);
#179=EDGE_LOOP('',(#962,#963,#964,#965));
#180=EDGE_LOOP('',(#966,#967,#968,#969,#970,#971,#972,#973));
#181=EDGE_LOOP('',(#974,#975,#976,#977));
#182=EDGE_LOOP('',(#978,#979,#980,#981));
#183=EDGE_LOOP('',(#982,#983,#984,#985));
#184=EDGE_LOOP('',(#986,#987,#988,#989));
#185=EDGE_LOOP('',(#990,#991,#992,#993,#994,#995,#996,#997));
#186=EDGE_LOOP('',(#998,#999,#1000,#1001));
#187=EDGE_LOOP('',(#1002,#1003,#1004,#1005,#1006));
#188=EDGE_LOOP('',(#1007,#1008));
#189=EDGE_LOOP('',(#1009,#1010,#1011));
#190=EDGE_LOOP('',(#1012,#1013,#1014,#1015));
#191=EDGE_LOOP('',(#1016,#1017,#1018,#1019,#1020));
#192=EDGE_LOOP('',(#1021,#1022,#1023,#1024));
#193=EDGE_LOOP('',(#1025,#1026,#1027,#1028));
#194=EDGE_LOOP('',(#1029,#1030,#1031));
#195=EDGE_LOOP('',(#1032,#1033,#1034,#1035));
#196=EDGE_LOOP('',(#1036,#1037,#1038,#1039));
#197=EDGE_LOOP('',(#1040,#1041,#1042,#1043,#1044));
#198=EDGE_LOOP('',(#1045,#1046,#1047,#1048));
#199=EDGE_LOOP('',(#1049,#1050,#1051,#1052));
#200=EDGE_LOOP('',(#1053,#1054,#1055));
#201=EDGE_LOOP('',(#1056,#1057,#1058));
#202=EDGE_LOOP('',(#1059,#1060));
#203=EDGE_LOOP('',(#1061,#1062,#1063,#1064,#1065,#1066,#1067,#1068));
#204=EDGE_LOOP('',(#1069,#1070,#1071));
#205=EDGE_LOOP('',(#1072,#1073,#1074,#1075,#1076,#1077));
#206=EDGE_LOOP('',(#1078,#1079,#1080,#1081,#1082,#1083));
#207=EDGE_LOOP('',(#1084,#1085,#1086,#1087,#1088));
#208=EDGE_LOOP('',(#1089,#1090,#1091));
#209=EDGE_LOOP('',(#1092,#1093,#1094,#1095,#1096,#1097,#1098,#1099,#1100,
#1101,#1102,#1103,#1104,#1105,#1106,#1107,#1108,#1109,#1110,#1111,#1112,
#1113));
#210=EDGE_LOOP('',(#1114));
#211=EDGE_LOOP('',(#1115));
#212=EDGE_LOOP('',(#1116,#1117,#1118));
#213=EDGE_LOOP('',(#1119,#1120,#1121,#1122));
#214=EDGE_LOOP('',(#1123,#1124,#1125,#1126));
#215=EDGE_LOOP('',(#1127,#1128,#1129,#1130,#1131,#1132,#1133,#1134));
#216=EDGE_LOOP('',(#1135,#1136,#1137,#1138));
#217=EDGE_LOOP('',(#1139,#1140,#1141,#1142));
#218=EDGE_LOOP('',(#1143,#1144,#1145,#1146));
#219=EDGE_LOOP('',(#1147,#1148,#1149,#1150));
#220=EDGE_LOOP('',(#1151,#1152,#1153,#1154,#1155,#1156,#1157,#1158));
#221=EDGE_LOOP('',(#1159,#1160,#1161,#1162));
#222=EDGE_LOOP('',(#1163,#1164,#1165,#1166,#1167));
#223=EDGE_LOOP('',(#1168,#1169,#1170,#1171));
#224=EDGE_LOOP('',(#1172,#1173,#1174,#1175,#1176));
#225=EDGE_LOOP('',(#1177,#1178));
#226=EDGE_LOOP('',(#1179,#1180,#1181,#1182,#1183,#1184,#1185,#1186,#1187,
#1188,#1189,#1190,#1191,#1192,#1193,#1194));
#227=EDGE_LOOP('',(#1195,#1196,#1197));
#228=EDGE_LOOP('',(#1198,#1199,#1200,#1201,#1202,#1203,#1204,#1205,#1206,
#1207,#1208,#1209,#1210,#1211,#1212,#1213));
#229=EDGE_LOOP('',(#1214,#1215,#1216,#1217,#1218,#1219));
#230=EDGE_LOOP('',(#1220,#1221,#1222,#1223));
#231=EDGE_LOOP('',(#1224,#1225,#1226,#1227,#1228));
#232=EDGE_LOOP('',(#1229,#1230,#1231,#1232));
#233=EDGE_LOOP('',(#1233,#1234,#1235,#1236));
#234=EDGE_LOOP('',(#1237,#1238,#1239,#1240));
#235=EDGE_LOOP('',(#1241,#1242,#1243,#1244,#1245,#1246,#1247,#1248,#1249,
#1250));
#236=EDGE_LOOP('',(#1251,#1252,#1253));
#237=EDGE_LOOP('',(#1254,#1255));
#238=EDGE_LOOP('',(#1256,#1257,#1258,#1259,#1260,#1261));
#239=EDGE_LOOP('',(#1262,#1263,#1264,#1265,#1266,#1267));
#240=EDGE_LOOP('',(#1268,#1269,#1270,#1271));
#241=EDGE_LOOP('',(#1272,#1273,#1274,#1275));
#242=EDGE_LOOP('',(#1276,#1277,#1278,#1279,#1280));
#243=EDGE_LOOP('',(#1281,#1282,#1283,#1284));
#244=EDGE_LOOP('',(#1285,#1286,#1287,#1288));
#245=EDGE_LOOP('',(#1289,#1290,#1291,#1292));
#246=EDGE_LOOP('',(#1293,#1294,#1295,#1296,#1297,#1298,#1299,#1300,#1301,
#1302));
#247=EDGE_LOOP('',(#1303,#1304,#1305));
#248=EDGE_LOOP('',(#1306,#1307));
#249=EDGE_LOOP('',(#1308,#1309,#1310,#1311,#1312,#1313));
#250=EDGE_LOOP('',(#1314,#1315,#1316));
#251=EDGE_LOOP('',(#1317,#1318));
#252=EDGE_LOOP('',(#1319,#1320,#1321,#1322,#1323,#1324,#1325,#1326));
#253=EDGE_LOOP('',(#1327,#1328,#1329));
#254=EDGE_LOOP('',(#1330,#1331,#1332,#1333,#1334,#1335,#1336,#1337,#1338,
#1339,#1340,#1341));
#255=EDGE_LOOP('',(#1342,#1343,#1344,#1345));
#256=EDGE_LOOP('',(#1346,#1347,#1348,#1349));
#257=EDGE_LOOP('',(#1350,#1351,#1352,#1353,#1354,#1355));
#258=EDGE_LOOP('',(#1356,#1357,#1358,#1359,#1360,#1361));
#259=EDGE_LOOP('',(#1362,#1363,#1364,#1365,#1366));
#260=EDGE_LOOP('',(#1367,#1368,#1369));
#261=EDGE_LOOP('',(#1370,#1371,#1372,#1373,#1374,#1375,#1376,#1377,#1378,
#1379,#1380,#1381,#1382,#1383,#1384,#1385,#1386,#1387,#1388,#1389,#1390,
#1391));
#262=EDGE_LOOP('',(#1392));
#263=EDGE_LOOP('',(#1393));
#264=EDGE_LOOP('',(#1394,#1395,#1396));
#265=EDGE_LOOP('',(#1397,#1398,#1399,#1400,#1401,#1402,#1403,#1404,#1405));
#266=EDGE_LOOP('',(#1406,#1407,#1408,#1409));
#267=ELLIPSE('',#1540,1.06809568970522,0.8);
#268=ELLIPSE('',#1542,1.06809568970522,0.8);
#269=ELLIPSE('',#1548,1.06809568970522,0.8);
#270=ELLIPSE('',#1551,1.06809568970522,0.8);
#271=ELLIPSE('',#1555,10.5806162715971,9.15);
#272=ELLIPSE('',#1559,22.602110101996,3.45078398034441);
#273=ELLIPSE('',#1566,13.4372530827071,9.15);
#274=ELLIPSE('',#1570,22.602110101996,3.45078398034441);
#275=ELLIPSE('',#1577,13.4372530827071,9.15);
#276=ELLIPSE('',#1592,10.5806162715971,9.15);
#277=ELLIPSE('',#1600,1.06809568970522,0.8);
#278=ELLIPSE('',#1602,1.06809568970522,0.8);
#279=ELLIPSE('',#1608,1.06809568970522,0.8);
#280=ELLIPSE('',#1611,1.06809568970522,0.8);
#281=ELLIPSE('',#1615,10.5806162715971,9.15);
#282=ELLIPSE('',#1625,10.5806162715971,9.15);
#283=ELLIPSE('',#1628,13.4372530827071,9.15);
#284=ELLIPSE('',#1631,12.9400540957138,9.15);
#285=ELLIPSE('',#1633,12.9400540957138,9.15);
#286=ELLIPSE('',#1637,12.9400540957138,9.15);
#287=ELLIPSE('',#1639,12.9400540957138,9.15);
#288=ELLIPSE('',#1642,13.4372530827071,9.15);
#289=ELLIPSE('',#1647,22.602110101996,3.45078398034441);
#290=ELLIPSE('',#1664,22.602110101996,3.45078398034441);
#291=LINE('',#2146,#414);
#292=LINE('',#2149,#415);
#293=LINE('',#2152,#416);
#294=LINE('',#2154,#417);
#295=LINE('',#2156,#418);
#296=LINE('',#2158,#419);
#297=LINE('',#2160,#420);
#298=LINE('',#2163,#421);
#299=LINE('',#2166,#422);
#300=LINE('',#2167,#423);
#301=LINE('',#2170,#424);
#302=LINE('',#2177,#425);
#303=LINE('',#2180,#426);
#304=LINE('',#2183,#427);
#305=LINE('',#2185,#428);
#306=LINE('',#2186,#429);
#307=LINE('',#2191,#430);
#308=LINE('',#2193,#431);
#309=LINE('',#2195,#432);
#310=LINE('',#2197,#433);
#311=LINE('',#2198,#434);
#312=LINE('',#2202,#435);
#313=LINE('',#2205,#436);
#314=LINE('',#2207,#437);
#315=LINE('',#2239,#438);
#316=LINE('',#2272,#439);
#317=LINE('',#2276,#440);
#318=LINE('',#2278,#441);
#319=LINE('',#2281,#442);
#320=LINE('',#2294,#443);
#321=LINE('',#2298,#444);
#322=LINE('',#2309,#445);
#323=LINE('',#2311,#446);
#324=LINE('',#2312,#447);
#325=LINE('',#2326,#448);
#326=LINE('',#2331,#449);
#327=LINE('',#2334,#450);
#328=LINE('',#2337,#451);
#329=LINE('',#2341,#452);
#330=LINE('',#2343,#453);
#331=LINE('',#2346,#454);
#332=LINE('',#2366,#455);
#333=LINE('',#2369,#456);
#334=LINE('',#2372,#457);
#335=LINE('',#2374,#458);
#336=LINE('',#2375,#459);
#337=LINE('',#2391,#460);
#338=LINE('',#2403,#461);
#339=LINE('',#2407,#462);
#340=LINE('',#2411,#463);
#341=LINE('',#2416,#464);
#342=LINE('',#2417,#465);
#343=LINE('',#2421,#466);
#344=LINE('',#2424,#467);
#345=LINE('',#2425,#468);
#346=LINE('',#2427,#469);
#347=LINE('',#2428,#470);
#348=LINE('',#2429,#471);
#349=LINE('',#2554,#472);
#350=LINE('',#2557,#473);
#351=LINE('',#2560,#474);
#352=LINE('',#2564,#475);
#353=LINE('',#2566,#476);
#354=LINE('',#2568,#477);
#355=LINE('',#2570,#478);
#356=LINE('',#2571,#479);
#357=LINE('',#2574,#480);
#358=LINE('',#2575,#481);
#359=LINE('',#2579,#482);
#360=LINE('',#2585,#483);
#361=LINE('',#2588,#484);
#362=LINE('',#2591,#485);
#363=LINE('',#2593,#486);
#364=LINE('',#2594,#487);
#365=LINE('',#2597,#488);
#366=LINE('',#2599,#489);
#367=LINE('',#2601,#490);
#368=LINE('',#2603,#491);
#369=LINE('',#2605,#492);
#370=LINE('',#2610,#493);
#371=LINE('',#2615,#494);
#372=LINE('',#2616,#495);
#373=LINE('',#2675,#496);
#374=LINE('',#2682,#497);
#375=LINE('',#2712,#498);
#376=LINE('',#2742,#499);
#377=LINE('',#2745,#500);
#378=LINE('',#2747,#501);
#379=LINE('',#2750,#502);
#380=LINE('',#2752,#503);
#381=LINE('',#2765,#504);
#382=LINE('',#2768,#505);
#383=LINE('',#2771,#506);
#384=LINE('',#2773,#507);
#385=LINE('',#2774,#508);
#386=LINE('',#2789,#509);
#387=LINE('',#2793,#510);
#388=LINE('',#2796,#511);
#389=LINE('',#2798,#512);
#390=LINE('',#2801,#513);
#391=LINE('',#2804,#514);
#392=LINE('',#2807,#515);
#393=LINE('',#2809,#516);
#394=LINE('',#2812,#517);
#395=LINE('',#2815,#518);
#396=LINE('',#2825,#519);
#397=LINE('',#2828,#520);
#398=LINE('',#2831,#521);
#399=LINE('',#2833,#522);
#400=LINE('',#2834,#523);
#401=LINE('',#2850,#524);
#402=LINE('',#2853,#525);
#403=LINE('',#2855,#526);
#404=LINE('',#2865,#527);
#405=LINE('',#2867,#528);
#406=LINE('',#2868,#529);
#407=LINE('',#2869,#530);
#408=LINE('',#2875,#531);
#409=LINE('',#2879,#532);
#410=LINE('',#2882,#533);
#411=LINE('',#2883,#534);
#412=LINE('',#2885,#535);
#413=LINE('',#2934,#536);
#414=VECTOR('',#1703,10.);
#415=VECTOR('',#1706,10.);
#416=VECTOR('',#1709,10.);
#417=VECTOR('',#1710,10.);
#418=VECTOR('',#1711,10.);
#419=VECTOR('',#1712,10.);
#420=VECTOR('',#1713,10.);
#421=VECTOR('',#1716,10.);
#422=VECTOR('',#1719,10.);
#423=VECTOR('',#1720,10.);
#424=VECTOR('',#1723,10.);
#425=VECTOR('',#1730,10.);
#426=VECTOR('',#1733,10.);
#427=VECTOR('',#1736,10.);
#428=VECTOR('',#1737,10.);
#429=VECTOR('',#1738,10.);
#430=VECTOR('',#1743,10.);
#431=VECTOR('',#1744,10.);
#432=VECTOR('',#1745,10.);
#433=VECTOR('',#1746,10.);
#434=VECTOR('',#1747,10.);
#435=VECTOR('',#1752,10.);
#436=VECTOR('',#1755,10.);
#437=VECTOR('',#1756,10.);
#438=VECTOR('',#1761,10.);
#439=VECTOR('',#1764,10.);
#440=VECTOR('',#1767,10.);
#441=VECTOR('',#1768,10.);
#442=VECTOR('',#1771,10.);
#443=VECTOR('',#1774,10.);
#444=VECTOR('',#1777,10.);
#445=VECTOR('',#1780,10.);
#446=VECTOR('',#1781,10.);
#447=VECTOR('',#1782,10.);
#448=VECTOR('',#1785,10.);
#449=VECTOR('',#1792,10.);
#450=VECTOR('',#1795,10.);
#451=VECTOR('',#1798,10.);
#452=VECTOR('',#1801,10.);
#453=VECTOR('',#1802,10.);
#454=VECTOR('',#1805,10.);
#455=VECTOR('',#1808,10.);
#456=VECTOR('',#1811,10.);
#457=VECTOR('',#1814,10.);
#458=VECTOR('',#1815,10.);
#459=VECTOR('',#1816,10.);
#460=VECTOR('',#1825,10.);
#461=VECTOR('',#1844,10.);
#462=VECTOR('',#1849,0.599999999999999);
#463=VECTOR('',#1854,0.600000000000001);
#464=VECTOR('',#1859,10.);
#465=VECTOR('',#1860,10.);
#466=VECTOR('',#1865,10.);
#467=VECTOR('',#1868,10.);
#468=VECTOR('',#1869,10.);
#469=VECTOR('',#1870,10.);
#470=VECTOR('',#1871,10.);
#471=VECTOR('',#1872,10.);
#472=VECTOR('',#1881,10.);
#473=VECTOR('',#1884,10.);
#474=VECTOR('',#1887,10.);
#475=VECTOR('',#1890,10.);
#476=VECTOR('',#1891,10.);
#477=VECTOR('',#1892,10.);
#478=VECTOR('',#1893,10.);
#479=VECTOR('',#1894,10.);
#480=VECTOR('',#1897,10.);
#481=VECTOR('',#1898,10.);
#482=VECTOR('',#1903,10.);
#483=VECTOR('',#1908,10.);
#484=VECTOR('',#1911,10.);
#485=VECTOR('',#1914,10.);
#486=VECTOR('',#1915,10.);
#487=VECTOR('',#1916,10.);
#488=VECTOR('',#1919,10.);
#489=VECTOR('',#1920,10.);
#490=VECTOR('',#1921,10.);
#491=VECTOR('',#1922,10.);
#492=VECTOR('',#1923,10.);
#493=VECTOR('',#1930,10.);
#494=VECTOR('',#1935,10.);
#495=VECTOR('',#1936,10.);
#496=VECTOR('',#1953,10.);
#497=VECTOR('',#1960,10.);
#498=VECTOR('',#1977,10.);
#499=VECTOR('',#1996,10.);
#500=VECTOR('',#1999,10.);
#501=VECTOR('',#2000,10.);
#502=VECTOR('',#2005,10.);
#503=VECTOR('',#2006,10.);
#504=VECTOR('',#2011,10.);
#505=VECTOR('',#2014,10.);
#506=VECTOR('',#2017,10.);
#507=VECTOR('',#2018,10.);
#508=VECTOR('',#2019,10.);
#509=VECTOR('',#2024,10.);
#510=VECTOR('',#2031,10.);
#511=VECTOR('',#2036,10.);
#512=VECTOR('',#2039,10.);
#513=VECTOR('',#2042,10.);
#514=VECTOR('',#2045,10.);
#515=VECTOR('',#2048,10.);
#516=VECTOR('',#2049,10.);
#517=VECTOR('',#2054,10.);
#518=VECTOR('',#2057,10.);
#519=VECTOR('',#2060,10.);
#520=VECTOR('',#2063,10.);
#521=VECTOR('',#2066,10.);
#522=VECTOR('',#2067,10.);
#523=VECTOR('',#2068,10.);
#524=VECTOR('',#2079,10.);
#525=VECTOR('',#2084,10.);
#526=VECTOR('',#2087,10.);
#527=VECTOR('',#2104,10.);
#528=VECTOR('',#2107,10.);
#529=VECTOR('',#2108,10.);
#530=VECTOR('',#2109,10.);
#531=VECTOR('',#2118,0.599999999999999);
#532=VECTOR('',#2123,0.600000000000001);
#533=VECTOR('',#2126,10.);
#534=VECTOR('',#2127,10.);
#535=VECTOR('',#2130,10.);
#536=VECTOR('',#2137,6.15);
#537=CIRCLE('',#1539,0.8);
#538=CIRCLE('',#1545,0.8);
#539=CIRCLE('',#1547,0.8);
#540=CIRCLE('',#1553,0.8);
#541=CIRCLE('',#1561,1.);
#542=CIRCLE('',#1564,2.4);
#543=CIRCLE('',#1568,6.95);
#544=CIRCLE('',#1572,1.);
#545=CIRCLE('',#1575,2.4);
#546=CIRCLE('',#1579,0.600000000000001);
#547=CIRCLE('',#1580,0.600000000000001);
#548=CIRCLE('',#1582,0.599999999999999);
#549=CIRCLE('',#1584,6.95);
#550=CIRCLE('',#1586,9.15);
#551=CIRCLE('',#1588,0.599999999999999);
#552=CIRCLE('',#1590,0.600000000000001);
#553=CIRCLE('',#1594,9.15);
#554=CIRCLE('',#1596,3.81630766355132);
#555=CIRCLE('',#1597,5.35);
#556=CIRCLE('',#1599,0.8);
#557=CIRCLE('',#1605,0.8);
#558=CIRCLE('',#1607,0.8);
#559=CIRCLE('',#1613,0.8);
#560=CIRCLE('',#1617,6.95);
#561=CIRCLE('',#1618,6.95);
#562=CIRCLE('',#1620,6.95);
#563=CIRCLE('',#1621,6.95);
#564=CIRCLE('',#1622,6.95);
#565=CIRCLE('',#1626,9.15);
#566=CIRCLE('',#1627,9.15);
#567=CIRCLE('',#1629,9.15);
#568=CIRCLE('',#1630,9.15);
#569=CIRCLE('',#1632,9.15);
#570=CIRCLE('',#1636,9.15);
#571=CIRCLE('',#1638,9.15);
#572=CIRCLE('',#1640,9.15);
#573=CIRCLE('',#1641,9.15);
#574=CIRCLE('',#1643,9.15);
#575=CIRCLE('',#1645,7.84438091789236);
#576=CIRCLE('',#1649,1.);
#577=CIRCLE('',#1652,2.4);
#578=CIRCLE('',#1654,7.37817887622608);
#579=CIRCLE('',#1660,7.84438091789236);
#580=CIRCLE('',#1662,6.95);
#581=CIRCLE('',#1666,1.);
#582=CIRCLE('',#1669,2.4);
#583=CIRCLE('',#1671,7.37817887622608);
#584=CIRCLE('',#1677,0.600000000000001);
#585=CIRCLE('',#1678,0.600000000000001);
#586=CIRCLE('',#1680,0.599999999999999);
#587=CIRCLE('',#1682,6.95);
#588=CIRCLE('',#1688,0.599999999999999);
#589=CIRCLE('',#1690,0.600000000000001);
#590=CIRCLE('',#1694,3.81630766355132);
#591=CIRCLE('',#1696,5.35);
#592=VERTEX_POINT('',#2142);
#593=VERTEX_POINT('',#2143);
#594=VERTEX_POINT('',#2145);
#595=VERTEX_POINT('',#2147);
#596=VERTEX_POINT('',#2151);
#597=VERTEX_POINT('',#2153);
#598=VERTEX_POINT('',#2155);
#599=VERTEX_POINT('',#2157);
#600=VERTEX_POINT('',#2159);
#601=VERTEX_POINT('',#2161);
#602=VERTEX_POINT('',#2165);
#603=VERTEX_POINT('',#2169);
#604=VERTEX_POINT('',#2173);
#605=VERTEX_POINT('',#2174);
#606=VERTEX_POINT('',#2176);
#607=VERTEX_POINT('',#2178);
#608=VERTEX_POINT('',#2182);
#609=VERTEX_POINT('',#2184);
#610=VERTEX_POINT('',#2188);
#611=VERTEX_POINT('',#2190);
#612=VERTEX_POINT('',#2192);
#613=VERTEX_POINT('',#2194);
#614=VERTEX_POINT('',#2196);
#615=VERTEX_POINT('',#2200);
#616=VERTEX_POINT('',#2204);
#617=VERTEX_POINT('',#2206);
#618=VERTEX_POINT('',#2210);
#619=VERTEX_POINT('',#2211);
#620=VERTEX_POINT('',#2241);
#621=VERTEX_POINT('',#2242);
#622=VERTEX_POINT('',#2257);
#623=VERTEX_POINT('',#2274);
#624=VERTEX_POINT('',#2275);
#625=VERTEX_POINT('',#2277);
#626=VERTEX_POINT('',#2279);
#627=VERTEX_POINT('',#2283);
#628=VERTEX_POINT('',#2284);
#629=VERTEX_POINT('',#2293);
#630=VERTEX_POINT('',#2295);
#631=VERTEX_POINT('',#2297);
#632=VERTEX_POINT('',#2308);
#633=VERTEX_POINT('',#2310);
#634=VERTEX_POINT('',#2314);
#635=VERTEX_POINT('',#2325);
#636=VERTEX_POINT('',#2329);
#637=VERTEX_POINT('',#2333);
#638=VERTEX_POINT('',#2335);
#639=VERTEX_POINT('',#2339);
#640=VERTEX_POINT('',#2340);
#641=VERTEX_POINT('',#2342);
#642=VERTEX_POINT('',#2344);
#643=VERTEX_POINT('',#2348);
#644=VERTEX_POINT('',#2349);
#645=VERTEX_POINT('',#2356);
#646=VERTEX_POINT('',#2365);
#647=VERTEX_POINT('',#2367);
#648=VERTEX_POINT('',#2371);
#649=VERTEX_POINT('',#2373);
#650=VERTEX_POINT('',#2389);
#651=VERTEX_POINT('',#2393);
#652=VERTEX_POINT('',#2401);
#653=VERTEX_POINT('',#2405);
#654=VERTEX_POINT('',#2409);
#655=VERTEX_POINT('',#2413);
#656=VERTEX_POINT('',#2415);
#657=VERTEX_POINT('',#2419);
#658=VERTEX_POINT('',#2423);
#659=VERTEX_POINT('',#2426);
#660=VERTEX_POINT('',#2475);
#661=VERTEX_POINT('',#2476);
#662=VERTEX_POINT('',#2486);
#663=VERTEX_POINT('',#2532);
#664=VERTEX_POINT('',#2540);
#665=VERTEX_POINT('',#2550);
#666=VERTEX_POINT('',#2551);
#667=VERTEX_POINT('',#2553);
#668=VERTEX_POINT('',#2555);
#669=VERTEX_POINT('',#2559);
#670=VERTEX_POINT('',#2561);
#671=VERTEX_POINT('',#2563);
#672=VERTEX_POINT('',#2565);
#673=VERTEX_POINT('',#2567);
#674=VERTEX_POINT('',#2569);
#675=VERTEX_POINT('',#2573);
#676=VERTEX_POINT('',#2577);
#677=VERTEX_POINT('',#2581);
#678=VERTEX_POINT('',#2582);
#679=VERTEX_POINT('',#2584);
#680=VERTEX_POINT('',#2586);
#681=VERTEX_POINT('',#2590);
#682=VERTEX_POINT('',#2592);
#683=VERTEX_POINT('',#2596);
#684=VERTEX_POINT('',#2598);
#685=VERTEX_POINT('',#2600);
#686=VERTEX_POINT('',#2602);
#687=VERTEX_POINT('',#2604);
#688=VERTEX_POINT('',#2608);
#689=VERTEX_POINT('',#2612);
#690=VERTEX_POINT('',#2614);
#691=VERTEX_POINT('',#2618);
#692=VERTEX_POINT('',#2620);
#693=VERTEX_POINT('',#2631);
#694=VERTEX_POINT('',#2633);
#695=VERTEX_POINT('',#2635);
#696=VERTEX_POINT('',#2646);
#697=VERTEX_POINT('',#2647);
#698=VERTEX_POINT('',#2677);
#699=VERTEX_POINT('',#2679);
#700=VERTEX_POINT('',#2681);
#701=VERTEX_POINT('',#2683);
#702=VERTEX_POINT('',#2685);
#703=VERTEX_POINT('',#2689);
#704=VERTEX_POINT('',#2691);
#705=VERTEX_POINT('',#2695);
#706=VERTEX_POINT('',#2696);
#707=VERTEX_POINT('',#2711);
#708=VERTEX_POINT('',#2728);
#709=VERTEX_POINT('',#2730);
#710=VERTEX_POINT('',#2732);
#711=VERTEX_POINT('',#2736);
#712=VERTEX_POINT('',#2738);
#713=VERTEX_POINT('',#2740);
#714=VERTEX_POINT('',#2744);
#715=VERTEX_POINT('',#2746);
#716=VERTEX_POINT('',#2751);
#717=VERTEX_POINT('',#2755);
#718=VERTEX_POINT('',#2764);
#719=VERTEX_POINT('',#2766);
#720=VERTEX_POINT('',#2770);
#721=VERTEX_POINT('',#2772);
#722=VERTEX_POINT('',#2776);
#723=VERTEX_POINT('',#2787);
#724=VERTEX_POINT('',#2800);
#725=VERTEX_POINT('',#2802);
#726=VERTEX_POINT('',#2806);
#727=VERTEX_POINT('',#2808);
#728=VERTEX_POINT('',#2813);
#729=VERTEX_POINT('',#2817);
#730=VERTEX_POINT('',#2824);
#731=VERTEX_POINT('',#2826);
#732=VERTEX_POINT('',#2830);
#733=VERTEX_POINT('',#2832);
#734=VERTEX_POINT('',#2857);
#735=VERTEX_POINT('',#2873);
#736=VERTEX_POINT('',#2877);
#737=VERTEX_POINT('',#2881);
#738=EDGE_CURVE('',#592,#593,#537,.T.);
#739=EDGE_CURVE('',#594,#592,#291,.T.);
#740=EDGE_CURVE('',#595,#594,#267,.T.);
#741=EDGE_CURVE('',#593,#595,#292,.T.);
#742=EDGE_CURVE('',#594,#596,#293,.T.);
#743=EDGE_CURVE('',#596,#597,#294,.T.);
#744=EDGE_CURVE('',#597,#598,#295,.T.);
#745=EDGE_CURVE('',#599,#598,#296,.T.);
#746=EDGE_CURVE('',#599,#600,#297,.T.);
#747=EDGE_CURVE('',#600,#601,#268,.T.);
#748=EDGE_CURVE('',#601,#595,#298,.T.);
#749=EDGE_CURVE('',#601,#602,#299,.T.);
#750=EDGE_CURVE('',#593,#602,#300,.T.);
#751=EDGE_CURVE('',#603,#600,#301,.T.);
#752=EDGE_CURVE('',#602,#603,#538,.T.);
#753=EDGE_CURVE('',#604,#605,#539,.T.);
#754=EDGE_CURVE('',#606,#604,#302,.T.);
#755=EDGE_CURVE('',#607,#606,#269,.T.);
#756=EDGE_CURVE('',#605,#607,#303,.T.);
#757=EDGE_CURVE('',#604,#608,#304,.T.);
#758=EDGE_CURVE('',#608,#609,#305,.T.);
#759=EDGE_CURVE('',#606,#609,#306,.T.);
#760=EDGE_CURVE('',#609,#610,#270,.T.);
#761=EDGE_CURVE('',#610,#611,#307,.T.);
#762=EDGE_CURVE('',#611,#612,#308,.T.);
#763=EDGE_CURVE('',#613,#612,#309,.T.);
#764=EDGE_CURVE('',#614,#613,#310,.T.);
#765=EDGE_CURVE('',#614,#607,#311,.T.);
#766=EDGE_CURVE('',#615,#608,#540,.T.);
#767=EDGE_CURVE('',#610,#615,#312,.T.);
#768=EDGE_CURVE('',#615,#616,#313,.T.);
#769=EDGE_CURVE('',#616,#617,#314,.T.);
#770=EDGE_CURVE('',#611,#617,#271,.T.);
#771=EDGE_CURVE('',#618,#619,#30,.T.);
#772=EDGE_CURVE('',#619,#618,#315,.T.);
#773=EDGE_CURVE('',#620,#621,#31,.T.);
#774=EDGE_CURVE('',#621,#622,#32,.T.);
#775=EDGE_CURVE('',#622,#620,#316,.T.);
#776=EDGE_CURVE('',#623,#624,#317,.T.);
#777=EDGE_CURVE('',#625,#624,#318,.T.);
#778=EDGE_CURVE('',#625,#626,#272,.T.);
#779=EDGE_CURVE('',#623,#626,#319,.T.);
#780=EDGE_CURVE('',#627,#628,#33,.T.);
#781=EDGE_CURVE('',#629,#628,#320,.T.);
#782=EDGE_CURVE('',#630,#629,#541,.T.);
#783=EDGE_CURVE('',#630,#631,#321,.T.);
#784=EDGE_CURVE('',#627,#631,#34,.T.);
#785=EDGE_CURVE('',#628,#632,#322,.T.);
#786=EDGE_CURVE('',#633,#632,#323,.T.);
#787=EDGE_CURVE('',#629,#633,#324,.T.);
#788=EDGE_CURVE('',#632,#634,#35,.T.);
#789=EDGE_CURVE('',#635,#634,#325,.T.);
#790=EDGE_CURVE('',#633,#635,#542,.T.);
#791=EDGE_CURVE('',#636,#623,#273,.T.);
#792=EDGE_CURVE('',#624,#636,#326,.T.);
#793=EDGE_CURVE('',#635,#637,#327,.T.);
#794=EDGE_CURVE('',#634,#638,#543,.T.);
#795=EDGE_CURVE('',#637,#638,#328,.T.);
#796=EDGE_CURVE('',#639,#640,#329,.T.);
#797=EDGE_CURVE('',#639,#641,#330,.T.);
#798=EDGE_CURVE('',#642,#641,#274,.T.);
#799=EDGE_CURVE('',#642,#640,#331,.T.);
#800=EDGE_CURVE('',#643,#644,#36,.T.);
#801=EDGE_CURVE('',#644,#645,#37,.T.);
#802=EDGE_CURVE('',#646,#645,#332,.T.);
#803=EDGE_CURVE('',#646,#647,#544,.T.);
#804=EDGE_CURVE('',#647,#643,#333,.T.);
#805=EDGE_CURVE('',#648,#643,#334,.T.);
#806=EDGE_CURVE('',#647,#649,#335,.T.);
#807=EDGE_CURVE('',#649,#648,#336,.T.);
#808=EDGE_CURVE('',#638,#648,#38,.T.);
#809=EDGE_CURVE('',#649,#637,#545,.T.);
#810=EDGE_CURVE('',#650,#639,#275,.T.);
#811=EDGE_CURVE('',#640,#650,#337,.T.);
#812=EDGE_CURVE('',#619,#651,#546,.T.);
#813=EDGE_CURVE('',#651,#618,#547,.T.);
#814=EDGE_CURVE('',#622,#620,#548,.T.);
#815=EDGE_CURVE('',#627,#644,#549,.T.);
#816=EDGE_CURVE('',#617,#652,#550,.T.);
#817=EDGE_CURVE('',#652,#616,#338,.T.);
#818=EDGE_CURVE('',#653,#653,#551,.T.);
#819=EDGE_CURVE('',#653,#621,#339,.T.);
#820=EDGE_CURVE('',#654,#654,#552,.T.);
#821=EDGE_CURVE('',#654,#651,#340,.T.);
#822=EDGE_CURVE('',#655,#599,#276,.T.);
#823=EDGE_CURVE('',#655,#656,#341,.T.);
#824=EDGE_CURVE('',#656,#603,#342,.T.);
#825=EDGE_CURVE('',#657,#655,#553,.T.);
#826=EDGE_CURVE('',#656,#657,#343,.T.);
#827=EDGE_CURVE('',#657,#658,#344,.T.);
#828=EDGE_CURVE('',#658,#630,#345,.T.);
#829=EDGE_CURVE('',#659,#646,#346,.T.);
#830=EDGE_CURVE('',#652,#659,#347,.T.);
#831=EDGE_CURVE('',#605,#592,#348,.T.);
#832=EDGE_CURVE('',#660,#661,#18,.T.);
#833=EDGE_CURVE('',#662,#661,#554,.T.);
#834=EDGE_CURVE('',#662,#660,#19,.T.);
#835=EDGE_CURVE('',#661,#663,#20,.T.);
#836=EDGE_CURVE('',#663,#664,#555,.T.);
#837=EDGE_CURVE('',#664,#662,#21,.T.);
#838=EDGE_CURVE('',#665,#666,#556,.T.);
#839=EDGE_CURVE('',#666,#667,#349,.T.);
#840=EDGE_CURVE('',#667,#668,#277,.T.);
#841=EDGE_CURVE('',#668,#665,#350,.T.);
#842=EDGE_CURVE('',#669,#667,#351,.T.);
#843=EDGE_CURVE('',#670,#669,#278,.T.);
#844=EDGE_CURVE('',#671,#670,#352,.T.);
#845=EDGE_CURVE('',#671,#672,#353,.T.);
#846=EDGE_CURVE('',#673,#672,#354,.T.);
#847=EDGE_CURVE('',#674,#673,#355,.T.);
#848=EDGE_CURVE('',#668,#674,#356,.T.);
#849=EDGE_CURVE('',#666,#675,#357,.T.);
#850=EDGE_CURVE('',#669,#675,#358,.T.);
#851=EDGE_CURVE('',#675,#676,#557,.T.);
#852=EDGE_CURVE('',#676,#670,#359,.T.);
#853=EDGE_CURVE('',#677,#678,#558,.T.);
#854=EDGE_CURVE('',#678,#679,#360,.T.);
#855=EDGE_CURVE('',#679,#680,#279,.T.);
#856=EDGE_CURVE('',#680,#677,#361,.T.);
#857=EDGE_CURVE('',#680,#681,#362,.T.);
#858=EDGE_CURVE('',#682,#681,#363,.T.);
#859=EDGE_CURVE('',#677,#682,#364,.T.);
#860=EDGE_CURVE('',#683,#679,#365,.T.);
#861=EDGE_CURVE('',#683,#684,#366,.T.);
#862=EDGE_CURVE('',#684,#685,#367,.T.);
#863=EDGE_CURVE('',#686,#685,#368,.T.);
#864=EDGE_CURVE('',#687,#686,#369,.T.);
#865=EDGE_CURVE('',#681,#687,#280,.T.);
#866=EDGE_CURVE('',#688,#682,#559,.T.);
#867=EDGE_CURVE('',#687,#688,#370,.T.);
#868=EDGE_CURVE('',#686,#689,#281,.T.);
#869=EDGE_CURVE('',#690,#689,#371,.T.);
#870=EDGE_CURVE('',#688,#690,#372,.T.);
#871=EDGE_CURVE('',#691,#644,#560,.T.);
#872=EDGE_CURVE('',#691,#692,#39,.T.);
#873=EDGE_CURVE('',#692,#645,#561,.T.);
#874=EDGE_CURVE('',#627,#693,#562,.T.);
#875=EDGE_CURVE('',#631,#694,#563,.T.);
#876=EDGE_CURVE('',#695,#694,#40,.T.);
#877=EDGE_CURVE('',#693,#695,#564,.T.);
#878=EDGE_CURVE('',#696,#697,#41,.T.);
#879=EDGE_CURVE('',#697,#696,#373,.T.);
#880=EDGE_CURVE('',#698,#671,#282,.T.);
#881=EDGE_CURVE('',#699,#698,#565,.T.);
#882=EDGE_CURVE('',#699,#700,#374,.T.);
#883=EDGE_CURVE('',#701,#700,#566,.T.);
#884=EDGE_CURVE('',#702,#701,#283,.T.);
#885=EDGE_CURVE('',#636,#702,#567,.T.);
#886=EDGE_CURVE('',#623,#658,#568,.T.);
#887=EDGE_CURVE('',#703,#598,#284,.T.);
#888=EDGE_CURVE('',#704,#703,#569,.T.);
#889=EDGE_CURVE('',#704,#672,#285,.T.);
#890=EDGE_CURVE('',#705,#706,#42,.T.);
#891=EDGE_CURVE('',#707,#705,#375,.T.);
#892=EDGE_CURVE('',#706,#707,#43,.T.);
#893=EDGE_CURVE('',#689,#708,#570,.T.);
#894=EDGE_CURVE('',#709,#685,#286,.T.);
#895=EDGE_CURVE('',#710,#709,#571,.T.);
#896=EDGE_CURVE('',#710,#612,#287,.T.);
#897=EDGE_CURVE('',#639,#659,#572,.T.);
#898=EDGE_CURVE('',#711,#650,#573,.T.);
#899=EDGE_CURVE('',#711,#712,#288,.T.);
#900=EDGE_CURVE('',#712,#713,#574,.T.);
#901=EDGE_CURVE('',#708,#713,#376,.T.);
#902=EDGE_CURVE('',#714,#702,#377,.T.);
#903=EDGE_CURVE('',#715,#714,#378,.T.);
#904=EDGE_CURVE('',#625,#715,#575,.T.);
#905=EDGE_CURVE('',#701,#714,#379,.T.);
#906=EDGE_CURVE('',#701,#716,#380,.T.);
#907=EDGE_CURVE('',#715,#716,#289,.T.);
#908=EDGE_CURVE('',#695,#717,#44,.T.);
#909=EDGE_CURVE('',#718,#694,#381,.T.);
#910=EDGE_CURVE('',#718,#719,#576,.T.);
#911=EDGE_CURVE('',#719,#717,#382,.T.);
#912=EDGE_CURVE('',#717,#720,#383,.T.);
#913=EDGE_CURVE('',#719,#721,#384,.T.);
#914=EDGE_CURVE('',#721,#720,#385,.T.);
#915=EDGE_CURVE('',#720,#722,#45,.T.);
#916=EDGE_CURVE('',#721,#723,#577,.T.);
#917=EDGE_CURVE('',#723,#722,#386,.T.);
#918=EDGE_CURVE('',#626,#716,#578,.T.);
#919=EDGE_CURVE('',#700,#718,#387,.T.);
#920=EDGE_CURVE('',#703,#704,#388,.T.);
#921=EDGE_CURVE('',#597,#673,#389,.T.);
#922=EDGE_CURVE('',#724,#711,#390,.T.);
#923=EDGE_CURVE('',#642,#725,#579,.T.);
#924=EDGE_CURVE('',#725,#724,#391,.T.);
#925=EDGE_CURVE('',#723,#726,#392,.T.);
#926=EDGE_CURVE('',#726,#727,#393,.T.);
#927=EDGE_CURVE('',#722,#727,#580,.T.);
#928=EDGE_CURVE('',#712,#724,#394,.T.);
#929=EDGE_CURVE('',#725,#728,#290,.T.);
#930=EDGE_CURVE('',#712,#728,#395,.T.);
#931=EDGE_CURVE('',#729,#691,#46,.T.);
#932=EDGE_CURVE('',#730,#729,#396,.T.);
#933=EDGE_CURVE('',#731,#730,#581,.T.);
#934=EDGE_CURVE('',#731,#692,#397,.T.);
#935=EDGE_CURVE('',#732,#729,#398,.T.);
#936=EDGE_CURVE('',#733,#732,#399,.T.);
#937=EDGE_CURVE('',#730,#733,#400,.T.);
#938=EDGE_CURVE('',#727,#732,#47,.T.);
#939=EDGE_CURVE('',#733,#726,#582,.T.);
#940=EDGE_CURVE('',#641,#728,#583,.T.);
#941=EDGE_CURVE('',#713,#731,#401,.T.);
#942=EDGE_CURVE('',#710,#709,#402,.T.);
#943=EDGE_CURVE('',#684,#613,#403,.T.);
#944=EDGE_CURVE('',#734,#696,#584,.T.);
#945=EDGE_CURVE('',#697,#734,#585,.T.);
#946=EDGE_CURVE('',#707,#705,#586,.T.);
#947=EDGE_CURVE('',#695,#691,#587,.T.);
#948=EDGE_CURVE('',#708,#690,#404,.T.);
#949=EDGE_CURVE('',#596,#674,#405,.T.);
#950=EDGE_CURVE('',#683,#614,#406,.T.);
#951=EDGE_CURVE('',#678,#665,#407,.T.);
#952=EDGE_CURVE('',#735,#735,#588,.T.);
#953=EDGE_CURVE('',#735,#706,#408,.T.);
#954=EDGE_CURVE('',#736,#736,#589,.T.);
#955=EDGE_CURVE('',#736,#734,#409,.T.);
#956=EDGE_CURVE('',#737,#676,#410,.T.);
#957=EDGE_CURVE('',#698,#737,#411,.T.);
#958=EDGE_CURVE('',#737,#699,#412,.T.);
#959=EDGE_CURVE('',#662,#661,#590,.T.);
#960=EDGE_CURVE('',#693,#664,#413,.T.);
#961=EDGE_CURVE('',#663,#664,#591,.T.);
#962=ORIENTED_EDGE('',*,*,#738,.F.);
#963=ORIENTED_EDGE('',*,*,#739,.F.);
#964=ORIENTED_EDGE('',*,*,#740,.F.);
#965=ORIENTED_EDGE('',*,*,#741,.F.);
#966=ORIENTED_EDGE('',*,*,#740,.T.);
#967=ORIENTED_EDGE('',*,*,#742,.T.);
#968=ORIENTED_EDGE('',*,*,#743,.T.);
#969=ORIENTED_EDGE('',*,*,#744,.T.);
#970=ORIENTED_EDGE('',*,*,#745,.F.);
#971=ORIENTED_EDGE('',*,*,#746,.T.);
#972=ORIENTED_EDGE('',*,*,#747,.T.);
#973=ORIENTED_EDGE('',*,*,#748,.T.);
#974=ORIENTED_EDGE('',*,*,#741,.T.);
#975=ORIENTED_EDGE('',*,*,#748,.F.);
#976=ORIENTED_EDGE('',*,*,#749,.T.);
#977=ORIENTED_EDGE('',*,*,#750,.F.);
#978=ORIENTED_EDGE('',*,*,#747,.F.);
#979=ORIENTED_EDGE('',*,*,#751,.F.);
#980=ORIENTED_EDGE('',*,*,#752,.F.);
#981=ORIENTED_EDGE('',*,*,#749,.F.);
#982=ORIENTED_EDGE('',*,*,#753,.F.);
#983=ORIENTED_EDGE('',*,*,#754,.F.);
#984=ORIENTED_EDGE('',*,*,#755,.F.);
#985=ORIENTED_EDGE('',*,*,#756,.F.);
#986=ORIENTED_EDGE('',*,*,#754,.T.);
#987=ORIENTED_EDGE('',*,*,#757,.T.);
#988=ORIENTED_EDGE('',*,*,#758,.T.);
#989=ORIENTED_EDGE('',*,*,#759,.F.);
#990=ORIENTED_EDGE('',*,*,#755,.T.);
#991=ORIENTED_EDGE('',*,*,#759,.T.);
#992=ORIENTED_EDGE('',*,*,#760,.T.);
#993=ORIENTED_EDGE('',*,*,#761,.T.);
#994=ORIENTED_EDGE('',*,*,#762,.T.);
#995=ORIENTED_EDGE('',*,*,#763,.F.);
#996=ORIENTED_EDGE('',*,*,#764,.F.);
#997=ORIENTED_EDGE('',*,*,#765,.T.);
#998=ORIENTED_EDGE('',*,*,#766,.F.);
#999=ORIENTED_EDGE('',*,*,#767,.F.);
#1000=ORIENTED_EDGE('',*,*,#760,.F.);
#1001=ORIENTED_EDGE('',*,*,#758,.F.);
#1002=ORIENTED_EDGE('',*,*,#767,.T.);
#1003=ORIENTED_EDGE('',*,*,#768,.T.);
#1004=ORIENTED_EDGE('',*,*,#769,.T.);
#1005=ORIENTED_EDGE('',*,*,#770,.F.);
#1006=ORIENTED_EDGE('',*,*,#761,.F.);
#1007=ORIENTED_EDGE('',*,*,#771,.T.);
#1008=ORIENTED_EDGE('',*,*,#772,.T.);
#1009=ORIENTED_EDGE('',*,*,#773,.T.);
#1010=ORIENTED_EDGE('',*,*,#774,.T.);
#1011=ORIENTED_EDGE('',*,*,#775,.T.);
#1012=ORIENTED_EDGE('',*,*,#776,.T.);
#1013=ORIENTED_EDGE('',*,*,#777,.F.);
#1014=ORIENTED_EDGE('',*,*,#778,.T.);
#1015=ORIENTED_EDGE('',*,*,#779,.F.);
#1016=ORIENTED_EDGE('',*,*,#780,.T.);
#1017=ORIENTED_EDGE('',*,*,#781,.F.);
#1018=ORIENTED_EDGE('',*,*,#782,.F.);
#1019=ORIENTED_EDGE('',*,*,#783,.T.);
#1020=ORIENTED_EDGE('',*,*,#784,.F.);
#1021=ORIENTED_EDGE('',*,*,#785,.T.);
#1022=ORIENTED_EDGE('',*,*,#786,.F.);
#1023=ORIENTED_EDGE('',*,*,#787,.F.);
#1024=ORIENTED_EDGE('',*,*,#781,.T.);
#1025=ORIENTED_EDGE('',*,*,#788,.T.);
#1026=ORIENTED_EDGE('',*,*,#789,.F.);
#1027=ORIENTED_EDGE('',*,*,#790,.F.);
#1028=ORIENTED_EDGE('',*,*,#786,.T.);
#1029=ORIENTED_EDGE('',*,*,#791,.F.);
#1030=ORIENTED_EDGE('',*,*,#792,.F.);
#1031=ORIENTED_EDGE('',*,*,#776,.F.);
#1032=ORIENTED_EDGE('',*,*,#793,.F.);
#1033=ORIENTED_EDGE('',*,*,#789,.T.);
#1034=ORIENTED_EDGE('',*,*,#794,.T.);
#1035=ORIENTED_EDGE('',*,*,#795,.F.);
#1036=ORIENTED_EDGE('',*,*,#796,.F.);
#1037=ORIENTED_EDGE('',*,*,#797,.T.);
#1038=ORIENTED_EDGE('',*,*,#798,.F.);
#1039=ORIENTED_EDGE('',*,*,#799,.T.);
#1040=ORIENTED_EDGE('',*,*,#800,.T.);
#1041=ORIENTED_EDGE('',*,*,#801,.T.);
#1042=ORIENTED_EDGE('',*,*,#802,.F.);
#1043=ORIENTED_EDGE('',*,*,#803,.T.);
#1044=ORIENTED_EDGE('',*,*,#804,.T.);
#1045=ORIENTED_EDGE('',*,*,#805,.T.);
#1046=ORIENTED_EDGE('',*,*,#804,.F.);
#1047=ORIENTED_EDGE('',*,*,#806,.T.);
#1048=ORIENTED_EDGE('',*,*,#807,.T.);
#1049=ORIENTED_EDGE('',*,*,#808,.T.);
#1050=ORIENTED_EDGE('',*,*,#807,.F.);
#1051=ORIENTED_EDGE('',*,*,#809,.T.);
#1052=ORIENTED_EDGE('',*,*,#795,.T.);
#1053=ORIENTED_EDGE('',*,*,#810,.T.);
#1054=ORIENTED_EDGE('',*,*,#796,.T.);
#1055=ORIENTED_EDGE('',*,*,#811,.T.);
#1056=ORIENTED_EDGE('',*,*,#772,.F.);
#1057=ORIENTED_EDGE('',*,*,#812,.T.);
#1058=ORIENTED_EDGE('',*,*,#813,.T.);
#1059=ORIENTED_EDGE('',*,*,#775,.F.);
#1060=ORIENTED_EDGE('',*,*,#814,.T.);
#1061=ORIENTED_EDGE('',*,*,#780,.F.);
#1062=ORIENTED_EDGE('',*,*,#815,.T.);
#1063=ORIENTED_EDGE('',*,*,#800,.F.);
#1064=ORIENTED_EDGE('',*,*,#805,.F.);
#1065=ORIENTED_EDGE('',*,*,#808,.F.);
#1066=ORIENTED_EDGE('',*,*,#794,.F.);
#1067=ORIENTED_EDGE('',*,*,#788,.F.);
#1068=ORIENTED_EDGE('',*,*,#785,.F.);
#1069=ORIENTED_EDGE('',*,*,#816,.F.);
#1070=ORIENTED_EDGE('',*,*,#769,.F.);
#1071=ORIENTED_EDGE('',*,*,#817,.F.);
#1072=ORIENTED_EDGE('',*,*,#818,.T.);
#1073=ORIENTED_EDGE('',*,*,#819,.T.);
#1074=ORIENTED_EDGE('',*,*,#773,.F.);
#1075=ORIENTED_EDGE('',*,*,#814,.F.);
#1076=ORIENTED_EDGE('',*,*,#774,.F.);
#1077=ORIENTED_EDGE('',*,*,#819,.F.);
#1078=ORIENTED_EDGE('',*,*,#820,.T.);
#1079=ORIENTED_EDGE('',*,*,#821,.T.);
#1080=ORIENTED_EDGE('',*,*,#812,.F.);
#1081=ORIENTED_EDGE('',*,*,#771,.F.);
#1082=ORIENTED_EDGE('',*,*,#813,.F.);
#1083=ORIENTED_EDGE('',*,*,#821,.F.);
#1084=ORIENTED_EDGE('',*,*,#751,.T.);
#1085=ORIENTED_EDGE('',*,*,#746,.F.);
#1086=ORIENTED_EDGE('',*,*,#822,.F.);
#1087=ORIENTED_EDGE('',*,*,#823,.T.);
#1088=ORIENTED_EDGE('',*,*,#824,.T.);
#1089=ORIENTED_EDGE('',*,*,#825,.F.);
#1090=ORIENTED_EDGE('',*,*,#826,.F.);
#1091=ORIENTED_EDGE('',*,*,#823,.F.);
#1092=ORIENTED_EDGE('',*,*,#738,.T.);
#1093=ORIENTED_EDGE('',*,*,#750,.T.);
#1094=ORIENTED_EDGE('',*,*,#752,.T.);
#1095=ORIENTED_EDGE('',*,*,#824,.F.);
#1096=ORIENTED_EDGE('',*,*,#826,.T.);
#1097=ORIENTED_EDGE('',*,*,#827,.T.);
#1098=ORIENTED_EDGE('',*,*,#828,.T.);
#1099=ORIENTED_EDGE('',*,*,#782,.T.);
#1100=ORIENTED_EDGE('',*,*,#787,.T.);
#1101=ORIENTED_EDGE('',*,*,#790,.T.);
#1102=ORIENTED_EDGE('',*,*,#793,.T.);
#1103=ORIENTED_EDGE('',*,*,#809,.F.);
#1104=ORIENTED_EDGE('',*,*,#806,.F.);
#1105=ORIENTED_EDGE('',*,*,#803,.F.);
#1106=ORIENTED_EDGE('',*,*,#829,.F.);
#1107=ORIENTED_EDGE('',*,*,#830,.F.);
#1108=ORIENTED_EDGE('',*,*,#817,.T.);
#1109=ORIENTED_EDGE('',*,*,#768,.F.);
#1110=ORIENTED_EDGE('',*,*,#766,.T.);
#1111=ORIENTED_EDGE('',*,*,#757,.F.);
#1112=ORIENTED_EDGE('',*,*,#753,.T.);
#1113=ORIENTED_EDGE('',*,*,#831,.T.);
#1114=ORIENTED_EDGE('',*,*,#818,.F.);
#1115=ORIENTED_EDGE('',*,*,#820,.F.);
#1116=ORIENTED_EDGE('',*,*,#832,.T.);
#1117=ORIENTED_EDGE('',*,*,#833,.F.);
#1118=ORIENTED_EDGE('',*,*,#834,.T.);
#1119=ORIENTED_EDGE('',*,*,#835,.T.);
#1120=ORIENTED_EDGE('',*,*,#836,.T.);
#1121=ORIENTED_EDGE('',*,*,#837,.T.);
#1122=ORIENTED_EDGE('',*,*,#833,.T.);
#1123=ORIENTED_EDGE('',*,*,#838,.T.);
#1124=ORIENTED_EDGE('',*,*,#839,.T.);
#1125=ORIENTED_EDGE('',*,*,#840,.T.);
#1126=ORIENTED_EDGE('',*,*,#841,.T.);
#1127=ORIENTED_EDGE('',*,*,#840,.F.);
#1128=ORIENTED_EDGE('',*,*,#842,.F.);
#1129=ORIENTED_EDGE('',*,*,#843,.F.);
#1130=ORIENTED_EDGE('',*,*,#844,.F.);
#1131=ORIENTED_EDGE('',*,*,#845,.T.);
#1132=ORIENTED_EDGE('',*,*,#846,.F.);
#1133=ORIENTED_EDGE('',*,*,#847,.F.);
#1134=ORIENTED_EDGE('',*,*,#848,.F.);
#1135=ORIENTED_EDGE('',*,*,#839,.F.);
#1136=ORIENTED_EDGE('',*,*,#849,.T.);
#1137=ORIENTED_EDGE('',*,*,#850,.F.);
#1138=ORIENTED_EDGE('',*,*,#842,.T.);
#1139=ORIENTED_EDGE('',*,*,#843,.T.);
#1140=ORIENTED_EDGE('',*,*,#850,.T.);
#1141=ORIENTED_EDGE('',*,*,#851,.T.);
#1142=ORIENTED_EDGE('',*,*,#852,.T.);
#1143=ORIENTED_EDGE('',*,*,#853,.T.);
#1144=ORIENTED_EDGE('',*,*,#854,.T.);
#1145=ORIENTED_EDGE('',*,*,#855,.T.);
#1146=ORIENTED_EDGE('',*,*,#856,.T.);
#1147=ORIENTED_EDGE('',*,*,#856,.F.);
#1148=ORIENTED_EDGE('',*,*,#857,.T.);
#1149=ORIENTED_EDGE('',*,*,#858,.F.);
#1150=ORIENTED_EDGE('',*,*,#859,.F.);
#1151=ORIENTED_EDGE('',*,*,#855,.F.);
#1152=ORIENTED_EDGE('',*,*,#860,.F.);
#1153=ORIENTED_EDGE('',*,*,#861,.T.);
#1154=ORIENTED_EDGE('',*,*,#862,.T.);
#1155=ORIENTED_EDGE('',*,*,#863,.F.);
#1156=ORIENTED_EDGE('',*,*,#864,.F.);
#1157=ORIENTED_EDGE('',*,*,#865,.F.);
#1158=ORIENTED_EDGE('',*,*,#857,.F.);
#1159=ORIENTED_EDGE('',*,*,#866,.T.);
#1160=ORIENTED_EDGE('',*,*,#858,.T.);
#1161=ORIENTED_EDGE('',*,*,#865,.T.);
#1162=ORIENTED_EDGE('',*,*,#867,.T.);
#1163=ORIENTED_EDGE('',*,*,#867,.F.);
#1164=ORIENTED_EDGE('',*,*,#864,.T.);
#1165=ORIENTED_EDGE('',*,*,#868,.T.);
#1166=ORIENTED_EDGE('',*,*,#869,.F.);
#1167=ORIENTED_EDGE('',*,*,#870,.F.);
#1168=ORIENTED_EDGE('',*,*,#871,.F.);
#1169=ORIENTED_EDGE('',*,*,#872,.T.);
#1170=ORIENTED_EDGE('',*,*,#873,.T.);
#1171=ORIENTED_EDGE('',*,*,#801,.F.);
#1172=ORIENTED_EDGE('',*,*,#874,.F.);
#1173=ORIENTED_EDGE('',*,*,#784,.T.);
#1174=ORIENTED_EDGE('',*,*,#875,.T.);
#1175=ORIENTED_EDGE('',*,*,#876,.F.);
#1176=ORIENTED_EDGE('',*,*,#877,.F.);
#1177=ORIENTED_EDGE('',*,*,#878,.F.);
#1178=ORIENTED_EDGE('',*,*,#879,.F.);
#1179=ORIENTED_EDGE('',*,*,#880,.F.);
#1180=ORIENTED_EDGE('',*,*,#881,.F.);
#1181=ORIENTED_EDGE('',*,*,#882,.T.);
#1182=ORIENTED_EDGE('',*,*,#883,.F.);
#1183=ORIENTED_EDGE('',*,*,#884,.F.);
#1184=ORIENTED_EDGE('',*,*,#885,.F.);
#1185=ORIENTED_EDGE('',*,*,#791,.T.);
#1186=ORIENTED_EDGE('',*,*,#886,.T.);
#1187=ORIENTED_EDGE('',*,*,#827,.F.);
#1188=ORIENTED_EDGE('',*,*,#825,.T.);
#1189=ORIENTED_EDGE('',*,*,#822,.T.);
#1190=ORIENTED_EDGE('',*,*,#745,.T.);
#1191=ORIENTED_EDGE('',*,*,#887,.F.);
#1192=ORIENTED_EDGE('',*,*,#888,.F.);
#1193=ORIENTED_EDGE('',*,*,#889,.T.);
#1194=ORIENTED_EDGE('',*,*,#845,.F.);
#1195=ORIENTED_EDGE('',*,*,#890,.F.);
#1196=ORIENTED_EDGE('',*,*,#891,.F.);
#1197=ORIENTED_EDGE('',*,*,#892,.F.);
#1198=ORIENTED_EDGE('',*,*,#893,.F.);
#1199=ORIENTED_EDGE('',*,*,#868,.F.);
#1200=ORIENTED_EDGE('',*,*,#863,.T.);
#1201=ORIENTED_EDGE('',*,*,#894,.F.);
#1202=ORIENTED_EDGE('',*,*,#895,.F.);
#1203=ORIENTED_EDGE('',*,*,#896,.T.);
#1204=ORIENTED_EDGE('',*,*,#762,.F.);
#1205=ORIENTED_EDGE('',*,*,#770,.T.);
#1206=ORIENTED_EDGE('',*,*,#816,.T.);
#1207=ORIENTED_EDGE('',*,*,#830,.T.);
#1208=ORIENTED_EDGE('',*,*,#897,.F.);
#1209=ORIENTED_EDGE('',*,*,#810,.F.);
#1210=ORIENTED_EDGE('',*,*,#898,.F.);
#1211=ORIENTED_EDGE('',*,*,#899,.T.);
#1212=ORIENTED_EDGE('',*,*,#900,.T.);
#1213=ORIENTED_EDGE('',*,*,#901,.F.);
#1214=ORIENTED_EDGE('',*,*,#902,.F.);
#1215=ORIENTED_EDGE('',*,*,#903,.F.);
#1216=ORIENTED_EDGE('',*,*,#904,.F.);
#1217=ORIENTED_EDGE('',*,*,#777,.T.);
#1218=ORIENTED_EDGE('',*,*,#792,.T.);
#1219=ORIENTED_EDGE('',*,*,#885,.T.);
#1220=ORIENTED_EDGE('',*,*,#905,.F.);
#1221=ORIENTED_EDGE('',*,*,#906,.T.);
#1222=ORIENTED_EDGE('',*,*,#907,.F.);
#1223=ORIENTED_EDGE('',*,*,#903,.T.);
#1224=ORIENTED_EDGE('',*,*,#908,.F.);
#1225=ORIENTED_EDGE('',*,*,#876,.T.);
#1226=ORIENTED_EDGE('',*,*,#909,.F.);
#1227=ORIENTED_EDGE('',*,*,#910,.T.);
#1228=ORIENTED_EDGE('',*,*,#911,.T.);
#1229=ORIENTED_EDGE('',*,*,#912,.F.);
#1230=ORIENTED_EDGE('',*,*,#911,.F.);
#1231=ORIENTED_EDGE('',*,*,#913,.T.);
#1232=ORIENTED_EDGE('',*,*,#914,.T.);
#1233=ORIENTED_EDGE('',*,*,#915,.F.);
#1234=ORIENTED_EDGE('',*,*,#914,.F.);
#1235=ORIENTED_EDGE('',*,*,#916,.T.);
#1236=ORIENTED_EDGE('',*,*,#917,.T.);
#1237=ORIENTED_EDGE('',*,*,#907,.T.);
#1238=ORIENTED_EDGE('',*,*,#918,.F.);
#1239=ORIENTED_EDGE('',*,*,#778,.F.);
#1240=ORIENTED_EDGE('',*,*,#904,.T.);
#1241=ORIENTED_EDGE('',*,*,#906,.F.);
#1242=ORIENTED_EDGE('',*,*,#883,.T.);
#1243=ORIENTED_EDGE('',*,*,#919,.T.);
#1244=ORIENTED_EDGE('',*,*,#909,.T.);
#1245=ORIENTED_EDGE('',*,*,#875,.F.);
#1246=ORIENTED_EDGE('',*,*,#783,.F.);
#1247=ORIENTED_EDGE('',*,*,#828,.F.);
#1248=ORIENTED_EDGE('',*,*,#886,.F.);
#1249=ORIENTED_EDGE('',*,*,#779,.T.);
#1250=ORIENTED_EDGE('',*,*,#918,.T.);
#1251=ORIENTED_EDGE('',*,*,#884,.T.);
#1252=ORIENTED_EDGE('',*,*,#905,.T.);
#1253=ORIENTED_EDGE('',*,*,#902,.T.);
#1254=ORIENTED_EDGE('',*,*,#920,.T.);
#1255=ORIENTED_EDGE('',*,*,#888,.T.);
#1256=ORIENTED_EDGE('',*,*,#846,.T.);
#1257=ORIENTED_EDGE('',*,*,#889,.F.);
#1258=ORIENTED_EDGE('',*,*,#920,.F.);
#1259=ORIENTED_EDGE('',*,*,#887,.T.);
#1260=ORIENTED_EDGE('',*,*,#744,.F.);
#1261=ORIENTED_EDGE('',*,*,#921,.T.);
#1262=ORIENTED_EDGE('',*,*,#922,.T.);
#1263=ORIENTED_EDGE('',*,*,#898,.T.);
#1264=ORIENTED_EDGE('',*,*,#811,.F.);
#1265=ORIENTED_EDGE('',*,*,#799,.F.);
#1266=ORIENTED_EDGE('',*,*,#923,.T.);
#1267=ORIENTED_EDGE('',*,*,#924,.T.);
#1268=ORIENTED_EDGE('',*,*,#925,.T.);
#1269=ORIENTED_EDGE('',*,*,#926,.T.);
#1270=ORIENTED_EDGE('',*,*,#927,.F.);
#1271=ORIENTED_EDGE('',*,*,#917,.F.);
#1272=ORIENTED_EDGE('',*,*,#928,.T.);
#1273=ORIENTED_EDGE('',*,*,#924,.F.);
#1274=ORIENTED_EDGE('',*,*,#929,.T.);
#1275=ORIENTED_EDGE('',*,*,#930,.F.);
#1276=ORIENTED_EDGE('',*,*,#931,.F.);
#1277=ORIENTED_EDGE('',*,*,#932,.F.);
#1278=ORIENTED_EDGE('',*,*,#933,.F.);
#1279=ORIENTED_EDGE('',*,*,#934,.T.);
#1280=ORIENTED_EDGE('',*,*,#872,.F.);
#1281=ORIENTED_EDGE('',*,*,#935,.F.);
#1282=ORIENTED_EDGE('',*,*,#936,.F.);
#1283=ORIENTED_EDGE('',*,*,#937,.F.);
#1284=ORIENTED_EDGE('',*,*,#932,.T.);
#1285=ORIENTED_EDGE('',*,*,#938,.F.);
#1286=ORIENTED_EDGE('',*,*,#926,.F.);
#1287=ORIENTED_EDGE('',*,*,#939,.F.);
#1288=ORIENTED_EDGE('',*,*,#936,.T.);
#1289=ORIENTED_EDGE('',*,*,#929,.F.);
#1290=ORIENTED_EDGE('',*,*,#923,.F.);
#1291=ORIENTED_EDGE('',*,*,#798,.T.);
#1292=ORIENTED_EDGE('',*,*,#940,.T.);
#1293=ORIENTED_EDGE('',*,*,#930,.T.);
#1294=ORIENTED_EDGE('',*,*,#940,.F.);
#1295=ORIENTED_EDGE('',*,*,#797,.F.);
#1296=ORIENTED_EDGE('',*,*,#897,.T.);
#1297=ORIENTED_EDGE('',*,*,#829,.T.);
#1298=ORIENTED_EDGE('',*,*,#802,.T.);
#1299=ORIENTED_EDGE('',*,*,#873,.F.);
#1300=ORIENTED_EDGE('',*,*,#934,.F.);
#1301=ORIENTED_EDGE('',*,*,#941,.F.);
#1302=ORIENTED_EDGE('',*,*,#900,.F.);
#1303=ORIENTED_EDGE('',*,*,#899,.F.);
#1304=ORIENTED_EDGE('',*,*,#922,.F.);
#1305=ORIENTED_EDGE('',*,*,#928,.F.);
#1306=ORIENTED_EDGE('',*,*,#942,.F.);
#1307=ORIENTED_EDGE('',*,*,#895,.T.);
#1308=ORIENTED_EDGE('',*,*,#862,.F.);
#1309=ORIENTED_EDGE('',*,*,#943,.T.);
#1310=ORIENTED_EDGE('',*,*,#763,.T.);
#1311=ORIENTED_EDGE('',*,*,#896,.F.);
#1312=ORIENTED_EDGE('',*,*,#942,.T.);
#1313=ORIENTED_EDGE('',*,*,#894,.T.);
#1314=ORIENTED_EDGE('',*,*,#879,.T.);
#1315=ORIENTED_EDGE('',*,*,#944,.F.);
#1316=ORIENTED_EDGE('',*,*,#945,.F.);
#1317=ORIENTED_EDGE('',*,*,#891,.T.);
#1318=ORIENTED_EDGE('',*,*,#946,.F.);
#1319=ORIENTED_EDGE('',*,*,#908,.T.);
#1320=ORIENTED_EDGE('',*,*,#912,.T.);
#1321=ORIENTED_EDGE('',*,*,#915,.T.);
#1322=ORIENTED_EDGE('',*,*,#927,.T.);
#1323=ORIENTED_EDGE('',*,*,#938,.T.);
#1324=ORIENTED_EDGE('',*,*,#935,.T.);
#1325=ORIENTED_EDGE('',*,*,#931,.T.);
#1326=ORIENTED_EDGE('',*,*,#947,.F.);
#1327=ORIENTED_EDGE('',*,*,#893,.T.);
#1328=ORIENTED_EDGE('',*,*,#948,.T.);
#1329=ORIENTED_EDGE('',*,*,#869,.T.);
#1330=ORIENTED_EDGE('',*,*,#841,.F.);
#1331=ORIENTED_EDGE('',*,*,#848,.T.);
#1332=ORIENTED_EDGE('',*,*,#949,.F.);
#1333=ORIENTED_EDGE('',*,*,#742,.F.);
#1334=ORIENTED_EDGE('',*,*,#739,.T.);
#1335=ORIENTED_EDGE('',*,*,#831,.F.);
#1336=ORIENTED_EDGE('',*,*,#756,.T.);
#1337=ORIENTED_EDGE('',*,*,#765,.F.);
#1338=ORIENTED_EDGE('',*,*,#950,.F.);
#1339=ORIENTED_EDGE('',*,*,#860,.T.);
#1340=ORIENTED_EDGE('',*,*,#854,.F.);
#1341=ORIENTED_EDGE('',*,*,#951,.T.);
#1342=ORIENTED_EDGE('',*,*,#949,.T.);
#1343=ORIENTED_EDGE('',*,*,#847,.T.);
#1344=ORIENTED_EDGE('',*,*,#921,.F.);
#1345=ORIENTED_EDGE('',*,*,#743,.F.);
#1346=ORIENTED_EDGE('',*,*,#861,.F.);
#1347=ORIENTED_EDGE('',*,*,#950,.T.);
#1348=ORIENTED_EDGE('',*,*,#764,.T.);
#1349=ORIENTED_EDGE('',*,*,#943,.F.);
#1350=ORIENTED_EDGE('',*,*,#952,.F.);
#1351=ORIENTED_EDGE('',*,*,#953,.T.);
#1352=ORIENTED_EDGE('',*,*,#892,.T.);
#1353=ORIENTED_EDGE('',*,*,#946,.T.);
#1354=ORIENTED_EDGE('',*,*,#890,.T.);
#1355=ORIENTED_EDGE('',*,*,#953,.F.);
#1356=ORIENTED_EDGE('',*,*,#954,.F.);
#1357=ORIENTED_EDGE('',*,*,#955,.T.);
#1358=ORIENTED_EDGE('',*,*,#944,.T.);
#1359=ORIENTED_EDGE('',*,*,#878,.T.);
#1360=ORIENTED_EDGE('',*,*,#945,.T.);
#1361=ORIENTED_EDGE('',*,*,#955,.F.);
#1362=ORIENTED_EDGE('',*,*,#852,.F.);
#1363=ORIENTED_EDGE('',*,*,#956,.F.);
#1364=ORIENTED_EDGE('',*,*,#957,.F.);
#1365=ORIENTED_EDGE('',*,*,#880,.T.);
#1366=ORIENTED_EDGE('',*,*,#844,.T.);
#1367=ORIENTED_EDGE('',*,*,#881,.T.);
#1368=ORIENTED_EDGE('',*,*,#957,.T.);
#1369=ORIENTED_EDGE('',*,*,#958,.T.);
#1370=ORIENTED_EDGE('',*,*,#838,.F.);
#1371=ORIENTED_EDGE('',*,*,#951,.F.);
#1372=ORIENTED_EDGE('',*,*,#853,.F.);
#1373=ORIENTED_EDGE('',*,*,#859,.T.);
#1374=ORIENTED_EDGE('',*,*,#866,.F.);
#1375=ORIENTED_EDGE('',*,*,#870,.T.);
#1376=ORIENTED_EDGE('',*,*,#948,.F.);
#1377=ORIENTED_EDGE('',*,*,#901,.T.);
#1378=ORIENTED_EDGE('',*,*,#941,.T.);
#1379=ORIENTED_EDGE('',*,*,#933,.T.);
#1380=ORIENTED_EDGE('',*,*,#937,.T.);
#1381=ORIENTED_EDGE('',*,*,#939,.T.);
#1382=ORIENTED_EDGE('',*,*,#925,.F.);
#1383=ORIENTED_EDGE('',*,*,#916,.F.);
#1384=ORIENTED_EDGE('',*,*,#913,.F.);
#1385=ORIENTED_EDGE('',*,*,#910,.F.);
#1386=ORIENTED_EDGE('',*,*,#919,.F.);
#1387=ORIENTED_EDGE('',*,*,#882,.F.);
#1388=ORIENTED_EDGE('',*,*,#958,.F.);
#1389=ORIENTED_EDGE('',*,*,#956,.T.);
#1390=ORIENTED_EDGE('',*,*,#851,.F.);
#1391=ORIENTED_EDGE('',*,*,#849,.F.);
#1392=ORIENTED_EDGE('',*,*,#952,.T.);
#1393=ORIENTED_EDGE('',*,*,#954,.T.);
#1394=ORIENTED_EDGE('',*,*,#832,.F.);
#1395=ORIENTED_EDGE('',*,*,#834,.F.);
#1396=ORIENTED_EDGE('',*,*,#959,.T.);
#1397=ORIENTED_EDGE('',*,*,#874,.T.);
#1398=ORIENTED_EDGE('',*,*,#960,.T.);
#1399=ORIENTED_EDGE('',*,*,#836,.F.);
#1400=ORIENTED_EDGE('',*,*,#961,.T.);
#1401=ORIENTED_EDGE('',*,*,#960,.F.);
#1402=ORIENTED_EDGE('',*,*,#877,.T.);
#1403=ORIENTED_EDGE('',*,*,#947,.T.);
#1404=ORIENTED_EDGE('',*,*,#871,.T.);
#1405=ORIENTED_EDGE('',*,*,#815,.F.);
#1406=ORIENTED_EDGE('',*,*,#835,.F.);
#1407=ORIENTED_EDGE('',*,*,#959,.F.);
#1408=ORIENTED_EDGE('',*,*,#837,.F.);
#1409=ORIENTED_EDGE('',*,*,#961,.F.);
#1410=CYLINDRICAL_SURFACE('',#1538,0.8);
#1411=CYLINDRICAL_SURFACE('',#1544,0.8);
#1412=CYLINDRICAL_SURFACE('',#1546,0.8);
#1413=CYLINDRICAL_SURFACE('',#1552,0.8);
#1414=CYLINDRICAL_SURFACE('',#1556,9.15);
#1415=CYLINDRICAL_SURFACE('',#1557,9.15);
#1416=CYLINDRICAL_SURFACE('',#1560,1.);
#1417=CYLINDRICAL_SURFACE('',#1563,2.4);
#1418=CYLINDRICAL_SURFACE('',#1571,1.);
#1419=CYLINDRICAL_SURFACE('',#1574,2.4);
#1420=CYLINDRICAL_SURFACE('',#1583,6.95);
#1421=CYLINDRICAL_SURFACE('',#1587,0.599999999999999);
#1422=CYLINDRICAL_SURFACE('',#1589,0.600000000000001);
#1423=CYLINDRICAL_SURFACE('',#1598,0.8);
#1424=CYLINDRICAL_SURFACE('',#1604,0.8);
#1425=CYLINDRICAL_SURFACE('',#1606,0.8);
#1426=CYLINDRICAL_SURFACE('',#1612,0.8);
#1427=CYLINDRICAL_SURFACE('',#1616,6.95);
#1428=CYLINDRICAL_SURFACE('',#1619,6.95);
#1429=CYLINDRICAL_SURFACE('',#1623,9.15);
#1430=CYLINDRICAL_SURFACE('',#1624,9.15);
#1431=CYLINDRICAL_SURFACE('',#1634,9.15);
#1432=CYLINDRICAL_SURFACE('',#1635,9.15);
#1433=CYLINDRICAL_SURFACE('',#1648,1.);
#1434=CYLINDRICAL_SURFACE('',#1651,2.4);
#1435=CYLINDRICAL_SURFACE('',#1665,1.);
#1436=CYLINDRICAL_SURFACE('',#1668,2.4);
#1437=CYLINDRICAL_SURFACE('',#1681,6.95);
#1438=CYLINDRICAL_SURFACE('',#1687,0.599999999999999);
#1439=CYLINDRICAL_SURFACE('',#1689,0.600000000000001);
#1440=ADVANCED_FACE('',(#95),#1410,.T.);
#1441=ADVANCED_FACE('',(#96),#48,.T.);
#1442=ADVANCED_FACE('',(#97),#49,.F.);
#1443=ADVANCED_FACE('',(#98),#1411,.T.);
#1444=ADVANCED_FACE('',(#99),#1412,.T.);
#1445=ADVANCED_FACE('',(#100),#50,.F.);
#1446=ADVANCED_FACE('',(#101),#51,.T.);
#1447=ADVANCED_FACE('',(#102),#1413,.T.);
#1448=ADVANCED_FACE('',(#103),#52,.T.);
#1449=ADVANCED_FACE('',(#104),#1414,.T.);
#1450=ADVANCED_FACE('',(#105),#1415,.T.);
#1451=ADVANCED_FACE('',(#106),#53,.F.);
#1452=ADVANCED_FACE('',(#107),#1416,.T.);
#1453=ADVANCED_FACE('',(#108),#54,.F.);
#1454=ADVANCED_FACE('',(#109),#1417,.F.);
#1455=ADVANCED_FACE('',(#110),#55,.F.);
#1456=ADVANCED_FACE('',(#111),#56,.T.);
#1457=ADVANCED_FACE('',(#112),#57,.T.);
#1458=ADVANCED_FACE('',(#113),#1418,.T.);
#1459=ADVANCED_FACE('',(#114),#58,.T.);
#1460=ADVANCED_FACE('',(#115),#1419,.F.);
#1461=ADVANCED_FACE('',(#116),#59,.T.);
#1462=ADVANCED_FACE('',(#117),#60,.F.);
#1463=ADVANCED_FACE('',(#118),#61,.F.);
#1464=ADVANCED_FACE('',(#119),#1420,.T.);
#1465=ADVANCED_FACE('',(#120),#62,.F.);
#1466=ADVANCED_FACE('',(#121),#1421,.F.);
#1467=ADVANCED_FACE('',(#122),#1422,.F.);
#1468=ADVANCED_FACE('',(#123),#63,.T.);
#1469=ADVANCED_FACE('',(#124),#64,.F.);
#1470=ADVANCED_FACE('',(#125,#26,#27),#65,.F.);
#1471=ADVANCED_FACE('',(#126),#22,.F.);
#1472=ADVANCED_FACE('',(#127),#23,.T.);
#1473=ADVANCED_FACE('',(#128),#1423,.T.);
#1474=ADVANCED_FACE('',(#129),#66,.F.);
#1475=ADVANCED_FACE('',(#130),#67,.T.);
#1476=ADVANCED_FACE('',(#131),#1424,.T.);
#1477=ADVANCED_FACE('',(#132),#1425,.T.);
#1478=ADVANCED_FACE('',(#133),#68,.T.);
#1479=ADVANCED_FACE('',(#134),#69,.F.);
#1480=ADVANCED_FACE('',(#135),#1426,.T.);
#1481=ADVANCED_FACE('',(#136),#70,.F.);
#1482=ADVANCED_FACE('',(#137),#1427,.F.);
#1483=ADVANCED_FACE('',(#138),#1428,.F.);
#1484=ADVANCED_FACE('',(#139),#1429,.T.);
#1485=ADVANCED_FACE('',(#140),#1430,.T.);
#1486=ADVANCED_FACE('',(#141),#1431,.T.);
#1487=ADVANCED_FACE('',(#142),#1432,.T.);
#1488=ADVANCED_FACE('',(#143),#71,.F.);
#1489=ADVANCED_FACE('',(#144),#72,.T.);
#1490=ADVANCED_FACE('',(#145),#1433,.T.);
#1491=ADVANCED_FACE('',(#146),#73,.T.);
#1492=ADVANCED_FACE('',(#147),#1434,.F.);
#1493=ADVANCED_FACE('',(#148),#15,.F.);
#1494=ADVANCED_FACE('',(#149),#74,.T.);
#1495=ADVANCED_FACE('',(#150),#75,.T.);
#1496=ADVANCED_FACE('',(#151),#76,.T.);
#1497=ADVANCED_FACE('',(#152),#77,.F.);
#1498=ADVANCED_FACE('',(#153),#78,.T.);
#1499=ADVANCED_FACE('',(#154),#79,.F.);
#1500=ADVANCED_FACE('',(#155),#80,.F.);
#1501=ADVANCED_FACE('',(#156),#1435,.T.);
#1502=ADVANCED_FACE('',(#157),#81,.F.);
#1503=ADVANCED_FACE('',(#158),#1436,.F.);
#1504=ADVANCED_FACE('',(#159),#16,.F.);
#1505=ADVANCED_FACE('',(#160),#82,.F.);
#1506=ADVANCED_FACE('',(#161),#83,.F.);
#1507=ADVANCED_FACE('',(#162),#84,.F.);
#1508=ADVANCED_FACE('',(#163),#85,.T.);
#1509=ADVANCED_FACE('',(#164),#86,.T.);
#1510=ADVANCED_FACE('',(#165),#87,.T.);
#1511=ADVANCED_FACE('',(#166),#1437,.T.);
#1512=ADVANCED_FACE('',(#167),#88,.T.);
#1513=ADVANCED_FACE('',(#168),#89,.F.);
#1514=ADVANCED_FACE('',(#169),#90,.F.);
#1515=ADVANCED_FACE('',(#170),#91,.F.);
#1516=ADVANCED_FACE('',(#171),#1438,.F.);
#1517=ADVANCED_FACE('',(#172),#1439,.F.);
#1518=ADVANCED_FACE('',(#173),#92,.F.);
#1519=ADVANCED_FACE('',(#174),#93,.T.);
#1520=ADVANCED_FACE('',(#175,#28,#29),#94,.T.);
#1521=ADVANCED_FACE('',(#176),#24,.T.);
#1522=ADVANCED_FACE('',(#177),#17,.F.);
#1523=ADVANCED_FACE('',(#178),#25,.F.);
#1524=CLOSED_SHELL('',(#1440,#1441,#1442,#1443,#1444,#1445,#1446,#1447,
#1448,#1449,#1450,#1451,#1452,#1453,#1454,#1455,#1456,#1457,#1458,#1459,
#1460,#1461,#1462,#1463,#1464,#1465,#1466,#1467,#1468,#1469,#1470,#1471,
#1472,#1473,#1474,#1475,#1476,#1477,#1478,#1479,#1480,#1481,#1482,#1483,
#1484,#1485,#1486,#1487,#1488,#1489,#1490,#1491,#1492,#1493,#1494,#1495,
#1496,#1497,#1498,#1499,#1500,#1501,#1502,#1503,#1504,#1505,#1506,#1507,
#1508,#1509,#1510,#1511,#1512,#1513,#1514,#1515,#1516,#1517,#1518,#1519,
#1520,#1521,#1522,#1523));
#1525=DERIVED_UNIT_ELEMENT(#1527,1.);
#1526=DERIVED_UNIT_ELEMENT(#2976,-3.);
#1527=(
MASS_UNIT()
NAMED_UNIT(*)
SI_UNIT(.KILO.,.GRAM.)
);
#1528=DERIVED_UNIT((#1525,#1526));
#1529=MEASURE_REPRESENTATION_ITEM('density measure',
POSITIVE_RATIO_MEASURE(7850.),#1528);
#1530=PROPERTY_DEFINITION_REPRESENTATION(#1535,#1532);
#1531=PROPERTY_DEFINITION_REPRESENTATION(#1536,#1533);
#1532=REPRESENTATION('material name',(#1534),#2973);
#1533=REPRESENTATION('density',(#1529),#2973);
#1534=DESCRIPTIVE_REPRESENTATION_ITEM('Stahl','Stahl');
#1535=PROPERTY_DEFINITION('material property','material name',#2983);
#1536=PROPERTY_DEFINITION('material property','density of part',#2983);
#1537=AXIS2_PLACEMENT_3D('',#2140,#1697,#1698);
#1538=AXIS2_PLACEMENT_3D('',#2141,#1699,#1700);
#1539=AXIS2_PLACEMENT_3D('',#2144,#1701,#1702);
#1540=AXIS2_PLACEMENT_3D('',#2148,#1704,#1705);
#1541=AXIS2_PLACEMENT_3D('',#2150,#1707,#1708);
#1542=AXIS2_PLACEMENT_3D('',#2162,#1714,#1715);
#1543=AXIS2_PLACEMENT_3D('',#2164,#1717,#1718);
#1544=AXIS2_PLACEMENT_3D('',#2168,#1721,#1722);
#1545=AXIS2_PLACEMENT_3D('',#2171,#1724,#1725);
#1546=AXIS2_PLACEMENT_3D('',#2172,#1726,#1727);
#1547=AXIS2_PLACEMENT_3D('',#2175,#1728,#1729);
#1548=AXIS2_PLACEMENT_3D('',#2179,#1731,#1732);
#1549=AXIS2_PLACEMENT_3D('',#2181,#1734,#1735);
#1550=AXIS2_PLACEMENT_3D('',#2187,#1739,#1740);
#1551=AXIS2_PLACEMENT_3D('',#2189,#1741,#1742);
#1552=AXIS2_PLACEMENT_3D('',#2199,#1748,#1749);
#1553=AXIS2_PLACEMENT_3D('',#2201,#1750,#1751);
#1554=AXIS2_PLACEMENT_3D('',#2203,#1753,#1754);
#1555=AXIS2_PLACEMENT_3D('',#2208,#1757,#1758);
#1556=AXIS2_PLACEMENT_3D('',#2209,#1759,#1760);
#1557=AXIS2_PLACEMENT_3D('',#2240,#1762,#1763);
#1558=AXIS2_PLACEMENT_3D('',#2273,#1765,#1766);
#1559=AXIS2_PLACEMENT_3D('',#2280,#1769,#1770);
#1560=AXIS2_PLACEMENT_3D('',#2282,#1772,#1773);
#1561=AXIS2_PLACEMENT_3D('',#2296,#1775,#1776);
#1562=AXIS2_PLACEMENT_3D('',#2307,#1778,#1779);
#1563=AXIS2_PLACEMENT_3D('',#2313,#1783,#1784);
#1564=AXIS2_PLACEMENT_3D('',#2327,#1786,#1787);
#1565=AXIS2_PLACEMENT_3D('',#2328,#1788,#1789);
#1566=AXIS2_PLACEMENT_3D('',#2330,#1790,#1791);
#1567=AXIS2_PLACEMENT_3D('',#2332,#1793,#1794);
#1568=AXIS2_PLACEMENT_3D('',#2336,#1796,#1797);
#1569=AXIS2_PLACEMENT_3D('',#2338,#1799,#1800);
#1570=AXIS2_PLACEMENT_3D('',#2345,#1803,#1804);
#1571=AXIS2_PLACEMENT_3D('',#2347,#1806,#1807);
#1572=AXIS2_PLACEMENT_3D('',#2368,#1809,#1810);
#1573=AXIS2_PLACEMENT_3D('',#2370,#1812,#1813);
#1574=AXIS2_PLACEMENT_3D('',#2376,#1817,#1818);
#1575=AXIS2_PLACEMENT_3D('',#2387,#1819,#1820);
#1576=AXIS2_PLACEMENT_3D('',#2388,#1821,#1822);
#1577=AXIS2_PLACEMENT_3D('',#2390,#1823,#1824);
#1578=AXIS2_PLACEMENT_3D('',#2392,#1826,#1827);
#1579=AXIS2_PLACEMENT_3D('',#2394,#1828,#1829);
#1580=AXIS2_PLACEMENT_3D('',#2395,#1830,#1831);
#1581=AXIS2_PLACEMENT_3D('',#2396,#1832,#1833);
#1582=AXIS2_PLACEMENT_3D('',#2397,#1834,#1835);
#1583=AXIS2_PLACEMENT_3D('',#2398,#1836,#1837);
#1584=AXIS2_PLACEMENT_3D('',#2399,#1838,#1839);
#1585=AXIS2_PLACEMENT_3D('',#2400,#1840,#1841);
#1586=AXIS2_PLACEMENT_3D('',#2402,#1842,#1843);
#1587=AXIS2_PLACEMENT_3D('',#2404,#1845,#1846);
#1588=AXIS2_PLACEMENT_3D('',#2406,#1847,#1848);
#1589=AXIS2_PLACEMENT_3D('',#2408,#1850,#1851);
#1590=AXIS2_PLACEMENT_3D('',#2410,#1852,#1853);
#1591=AXIS2_PLACEMENT_3D('',#2412,#1855,#1856);
#1592=AXIS2_PLACEMENT_3D('',#2414,#1857,#1858);
#1593=AXIS2_PLACEMENT_3D('',#2418,#1861,#1862);
#1594=AXIS2_PLACEMENT_3D('',#2420,#1863,#1864);
#1595=AXIS2_PLACEMENT_3D('',#2422,#1866,#1867);
#1596=AXIS2_PLACEMENT_3D('',#2487,#1873,#1874);
#1597=AXIS2_PLACEMENT_3D('',#2541,#1875,#1876);
#1598=AXIS2_PLACEMENT_3D('',#2549,#1877,#1878);
#1599=AXIS2_PLACEMENT_3D('',#2552,#1879,#1880);
#1600=AXIS2_PLACEMENT_3D('',#2556,#1882,#1883);
#1601=AXIS2_PLACEMENT_3D('',#2558,#1885,#1886);
#1602=AXIS2_PLACEMENT_3D('',#2562,#1888,#1889);
#1603=AXIS2_PLACEMENT_3D('',#2572,#1895,#1896);
#1604=AXIS2_PLACEMENT_3D('',#2576,#1899,#1900);
#1605=AXIS2_PLACEMENT_3D('',#2578,#1901,#1902);
#1606=AXIS2_PLACEMENT_3D('',#2580,#1904,#1905);
#1607=AXIS2_PLACEMENT_3D('',#2583,#1906,#1907);
#1608=AXIS2_PLACEMENT_3D('',#2587,#1909,#1910);
#1609=AXIS2_PLACEMENT_3D('',#2589,#1912,#1913);
#1610=AXIS2_PLACEMENT_3D('',#2595,#1917,#1918);
#1611=AXIS2_PLACEMENT_3D('',#2606,#1924,#1925);
#1612=AXIS2_PLACEMENT_3D('',#2607,#1926,#1927);
#1613=AXIS2_PLACEMENT_3D('',#2609,#1928,#1929);
#1614=AXIS2_PLACEMENT_3D('',#2611,#1931,#1932);
#1615=AXIS2_PLACEMENT_3D('',#2613,#1933,#1934);
#1616=AXIS2_PLACEMENT_3D('',#2617,#1937,#1938);
#1617=AXIS2_PLACEMENT_3D('',#2619,#1939,#1940);
#1618=AXIS2_PLACEMENT_3D('',#2629,#1941,#1942);
#1619=AXIS2_PLACEMENT_3D('',#2630,#1943,#1944);
#1620=AXIS2_PLACEMENT_3D('',#2632,#1945,#1946);
#1621=AXIS2_PLACEMENT_3D('',#2634,#1947,#1948);
#1622=AXIS2_PLACEMENT_3D('',#2644,#1949,#1950);
#1623=AXIS2_PLACEMENT_3D('',#2645,#1951,#1952);
#1624=AXIS2_PLACEMENT_3D('',#2676,#1954,#1955);
#1625=AXIS2_PLACEMENT_3D('',#2678,#1956,#1957);
#1626=AXIS2_PLACEMENT_3D('',#2680,#1958,#1959);
#1627=AXIS2_PLACEMENT_3D('',#2684,#1961,#1962);
#1628=AXIS2_PLACEMENT_3D('',#2686,#1963,#1964);
#1629=AXIS2_PLACEMENT_3D('',#2687,#1965,#1966);
#1630=AXIS2_PLACEMENT_3D('',#2688,#1967,#1968);
#1631=AXIS2_PLACEMENT_3D('',#2690,#1969,#1970);
#1632=AXIS2_PLACEMENT_3D('',#2692,#1971,#1972);
#1633=AXIS2_PLACEMENT_3D('',#2693,#1973,#1974);
#1634=AXIS2_PLACEMENT_3D('',#2694,#1975,#1976);
#1635=AXIS2_PLACEMENT_3D('',#2727,#1978,#1979);
#1636=AXIS2_PLACEMENT_3D('',#2729,#1980,#1981);
#1637=AXIS2_PLACEMENT_3D('',#2731,#1982,#1983);
#1638=AXIS2_PLACEMENT_3D('',#2733,#1984,#1985);
#1639=AXIS2_PLACEMENT_3D('',#2734,#1986,#1987);
#1640=AXIS2_PLACEMENT_3D('',#2735,#1988,#1989);
#1641=AXIS2_PLACEMENT_3D('',#2737,#1990,#1991);
#1642=AXIS2_PLACEMENT_3D('',#2739,#1992,#1993);
#1643=AXIS2_PLACEMENT_3D('',#2741,#1994,#1995);
#1644=AXIS2_PLACEMENT_3D('',#2743,#1997,#1998);
#1645=AXIS2_PLACEMENT_3D('',#2748,#2001,#2002);
#1646=AXIS2_PLACEMENT_3D('',#2749,#2003,#2004);
#1647=AXIS2_PLACEMENT_3D('',#2753,#2007,#2008);
#1648=AXIS2_PLACEMENT_3D('',#2754,#2009,#2010);
#1649=AXIS2_PLACEMENT_3D('',#2767,#2012,#2013);
#1650=AXIS2_PLACEMENT_3D('',#2769,#2015,#2016);
#1651=AXIS2_PLACEMENT_3D('',#2775,#2020,#2021);
#1652=AXIS2_PLACEMENT_3D('',#2788,#2022,#2023);
#1653=AXIS2_PLACEMENT_3D('',#2790,#2025,#2026);
#1654=AXIS2_PLACEMENT_3D('',#2791,#2027,#2028);
#1655=AXIS2_PLACEMENT_3D('',#2792,#2029,#2030);
#1656=AXIS2_PLACEMENT_3D('',#2794,#2032,#2033);
#1657=AXIS2_PLACEMENT_3D('',#2795,#2034,#2035);
#1658=AXIS2_PLACEMENT_3D('',#2797,#2037,#2038);
#1659=AXIS2_PLACEMENT_3D('',#2799,#2040,#2041);
#1660=AXIS2_PLACEMENT_3D('',#2803,#2043,#2044);
#1661=AXIS2_PLACEMENT_3D('',#2805,#2046,#2047);
#1662=AXIS2_PLACEMENT_3D('',#2810,#2050,#2051);
#1663=AXIS2_PLACEMENT_3D('',#2811,#2052,#2053);
#1664=AXIS2_PLACEMENT_3D('',#2814,#2055,#2056);
#1665=AXIS2_PLACEMENT_3D('',#2816,#2058,#2059);
#1666=AXIS2_PLACEMENT_3D('',#2827,#2061,#2062);
#1667=AXIS2_PLACEMENT_3D('',#2829,#2064,#2065);
#1668=AXIS2_PLACEMENT_3D('',#2835,#2069,#2070);
#1669=AXIS2_PLACEMENT_3D('',#2846,#2071,#2072);
#1670=AXIS2_PLACEMENT_3D('',#2847,#2073,#2074);
#1671=AXIS2_PLACEMENT_3D('',#2848,#2075,#2076);
#1672=AXIS2_PLACEMENT_3D('',#2849,#2077,#2078);
#1673=AXIS2_PLACEMENT_3D('',#2851,#2080,#2081);
#1674=AXIS2_PLACEMENT_3D('',#2852,#2082,#2083);
#1675=AXIS2_PLACEMENT_3D('',#2854,#2085,#2086);
#1676=AXIS2_PLACEMENT_3D('',#2856,#2088,#2089);
#1677=AXIS2_PLACEMENT_3D('',#2858,#2090,#2091);
#1678=AXIS2_PLACEMENT_3D('',#2859,#2092,#2093);
#1679=AXIS2_PLACEMENT_3D('',#2860,#2094,#2095);
#1680=AXIS2_PLACEMENT_3D('',#2861,#2096,#2097);
#1681=AXIS2_PLACEMENT_3D('',#2862,#2098,#2099);
#1682=AXIS2_PLACEMENT_3D('',#2863,#2100,#2101);
#1683=AXIS2_PLACEMENT_3D('',#2864,#2102,#2103);
#1684=AXIS2_PLACEMENT_3D('',#2866,#2105,#2106);
#1685=AXIS2_PLACEMENT_3D('',#2870,#2110,#2111);
#1686=AXIS2_PLACEMENT_3D('',#2871,#2112,#2113);
#1687=AXIS2_PLACEMENT_3D('',#2872,#2114,#2115);
#1688=AXIS2_PLACEMENT_3D('',#2874,#2116,#2117);
#1689=AXIS2_PLACEMENT_3D('',#2876,#2119,#2120);
#1690=AXIS2_PLACEMENT_3D('',#2878,#2121,#2122);
#1691=AXIS2_PLACEMENT_3D('',#2880,#2124,#2125);
#1692=AXIS2_PLACEMENT_3D('',#2884,#2128,#2129);
#1693=AXIS2_PLACEMENT_3D('',#2886,#2131,#2132);
#1694=AXIS2_PLACEMENT_3D('',#2932,#2133,#2134);
#1695=AXIS2_PLACEMENT_3D('',#2933,#2135,#2136);
#1696=AXIS2_PLACEMENT_3D('',#2935,#2138,#2139);
#1697=DIRECTION('axis',(0.,0.,1.));
#1698=DIRECTION('refdir',(1.,0.,0.));
#1699=DIRECTION('center_axis',(-1.,-1.01528483195921E-16,0.));
#1700=DIRECTION('ref_axis',(-7.17914789514205E-17,0.707106781186548,-0.707106781186547));
#1701=DIRECTION('center_axis',(1.,-1.17595805413394E-17,0.));
#1702=DIRECTION('ref_axis',(-7.17914789514205E-17,0.707106781186548,-0.707106781186547));
#1703=DIRECTION('',(1.,1.01528483195921E-16,0.));
#1704=DIRECTION('center_axis',(-0.748996562490381,0.662573882203029,0.));
#1705=DIRECTION('ref_axis',(0.662573882203029,0.748996562490381,0.));
#1706=DIRECTION('',(-1.,-1.01528483195921E-16,0.));
#1707=DIRECTION('center_axis',(-0.748996562490381,0.662573882203029,0.));
#1708=DIRECTION('ref_axis',(-0.662573882203029,-0.748996562490381,0.));
#1709=DIRECTION('',(-0.662573882203029,-0.748996562490381,0.));
#1710=DIRECTION('',(0.,0.,1.));
#1711=DIRECTION('',(0.530314422297324,0.599485868683932,0.59948586868393));
#1712=DIRECTION('',(0.,0.,1.));
#1713=DIRECTION('',(0.607600309749893,0.686852524065096,-0.398817594618443));
#1714=DIRECTION('center_axis',(-0.748996562490381,0.662573882203029,0.));
#1715=DIRECTION('ref_axis',(0.662573882203029,0.748996562490381,-6.49650960188996E-17));
#1716=DIRECTION('',(0.,0.,-1.));
#1717=DIRECTION('center_axis',(1.01528483195921E-16,-1.,0.));
#1718=DIRECTION('ref_axis',(1.,1.01528483195921E-16,0.));
#1719=DIRECTION('',(1.,1.01528483195921E-16,0.));
#1720=DIRECTION('',(0.,0.,1.));
#1721=DIRECTION('center_axis',(1.,1.01528483195921E-16,0.));
#1722=DIRECTION('ref_axis',(-8.79888127365504E-17,0.866641655295458,0.498931098756881));
#1723=DIRECTION('',(-1.,-1.01528483195921E-16,0.));
#1724=DIRECTION('center_axis',(1.,-1.17595805413394E-17,0.));
#1725=DIRECTION('ref_axis',(-8.79888127365504E-17,0.866641655295458,0.498931098756881));
#1726=DIRECTION('center_axis',(-1.,5.59499600133207E-17,0.));
#1727=DIRECTION('ref_axis',(7.17914789514205E-17,-0.707106781186548,-0.707106781186547));
#1728=DIRECTION('center_axis',(1.,-1.17595805413394E-17,0.));
#1729=DIRECTION('ref_axis',(7.17914789514205E-17,-0.707106781186548,-0.707106781186547));
#1730=DIRECTION('',(1.,-5.59499600133207E-17,0.));
#1731=DIRECTION('center_axis',(-0.748996562490381,-0.662573882203029,0.));
#1732=DIRECTION('ref_axis',(0.662573882203029,-0.748996562490381,0.));
#1733=DIRECTION('',(-1.,5.59499600133207E-17,0.));
#1734=DIRECTION('center_axis',(5.59499600133207E-17,1.,0.));
#1735=DIRECTION('ref_axis',(-1.,5.59499600133207E-17,0.));
#1736=DIRECTION('',(0.,0.,1.));
#1737=DIRECTION('',(-1.,5.59499600133207E-17,9.1439096056979E-17));
#1738=DIRECTION('',(0.,0.,1.));
#1739=DIRECTION('center_axis',(-0.748996562490381,-0.662573882203029,0.));
#1740=DIRECTION('ref_axis',(0.662573882203029,-0.748996562490381,0.));
#1741=DIRECTION('center_axis',(-0.748996562490381,-0.662573882203029,0.));
#1742=DIRECTION('ref_axis',(0.662573882203029,-0.748996562490381,-1.29930192037799E-16));
#1743=DIRECTION('',(-0.607600309749893,0.686852524065097,0.398817594618442));
#1744=DIRECTION('',(0.,0.,1.));
#1745=DIRECTION('',(0.530314422297324,-0.599485868683932,0.59948586868393));
#1746=DIRECTION('',(0.,0.,1.));
#1747=DIRECTION('',(0.662573882203029,-0.748996562490381,0.));
#1748=DIRECTION('center_axis',(-1.,5.59499600133207E-17,9.1439096056979E-17));
#1749=DIRECTION('ref_axis',(8.79888127365505E-17,-0.866641655295458,0.498931098756881));
#1750=DIRECTION('center_axis',(1.,-1.17595805413394E-17,0.));
#1751=DIRECTION('ref_axis',(8.79888127365505E-17,-0.866641655295458,0.498931098756881));
#1752=DIRECTION('',(1.,-5.59499600133207E-17,-9.1439096056979E-17));
#1753=DIRECTION('center_axis',(5.09810574390508E-17,-0.502135517386503,
0.86478894661009));
#1754=DIRECTION('ref_axis',(-8.78007100339211E-17,0.86478894661009,0.502135517386502));
#1755=DIRECTION('',(1.01695552689214E-17,0.86478894661009,0.502135517386502));
#1756=DIRECTION('',(-1.,-1.01528483195921E-16,0.));
#1757=DIRECTION('center_axis',(5.09810574390508E-17,-0.502135517386503,
0.86478894661009));
#1758=DIRECTION('ref_axis',(-8.78007100339211E-17,0.86478894661009,0.502135517386502));
#1759=DIRECTION('center_axis',(0.,0.,1.));
#1760=DIRECTION('ref_axis',(-1.,-1.01528483195921E-16,0.));
#1761=DIRECTION('',(0.,0.,1.));
#1762=DIRECTION('center_axis',(0.,0.,-1.));
#1763=DIRECTION('ref_axis',(-1.,-1.01528483195921E-16,0.));
#1764=DIRECTION('',(0.,0.,-1.));
#1765=DIRECTION('center_axis',(-9.84970965236545E-17,0.970142500145332,
-0.242535625036333));
#1766=DIRECTION('ref_axis',(2.46242741309136E-17,-0.242535625036333,-0.970142500145332));
#1767=DIRECTION('',(-0.669809332369235,0.180090738284749,0.720362953138995));
#1768=DIRECTION('',(1.,1.01528483195921E-16,0.));
#1769=DIRECTION('center_axis',(-9.84970965236545E-17,0.970142500145332,
-0.242535625036333));
#1770=DIRECTION('ref_axis',(-7.37446004904916E-17,0.242535625036333,0.970142500145332));
#1771=DIRECTION('',(-1.,-1.01528483195921E-16,0.));
#1772=DIRECTION('center_axis',(-1.,-1.01528483195921E-16,0.));
#1773=DIRECTION('ref_axis',(1.6907888954907E-31,-1.66533453693773E-15,1.));
#1774=DIRECTION('',(-1.,-1.01528483195921E-16,0.));
#1775=DIRECTION('center_axis',(1.,2.14816546933182E-16,0.));
#1776=DIRECTION('ref_axis',(1.6907888954907E-31,-1.66533453693773E-15,1.));
#1777=DIRECTION('',(-1.,-1.01528483195921E-16,0.));
#1778=DIRECTION('center_axis',(-1.01528483195921E-16,1.,0.));
#1779=DIRECTION('ref_axis',(0.,0.,-1.));
#1780=DIRECTION('',(0.,0.,-1.));
#1781=DIRECTION('',(-1.,-1.01528483195921E-16,0.));
#1782=DIRECTION('',(0.,0.,-1.));
#1783=DIRECTION('center_axis',(-1.,-1.01528483195921E-16,0.));
#1784=DIRECTION('ref_axis',(8.21911268641315E-32,-8.09537622122511E-16,
-1.));
#1785=DIRECTION('',(-1.,-1.01528483195921E-16,0.));
#1786=DIRECTION('center_axis',(-1.,-2.14816546933182E-16,0.));
#1787=DIRECTION('ref_axis',(8.21911268641315E-32,-8.09537622122511E-16,
-1.));
#1788=DIRECTION('center_axis',(-0.732336656170426,1.08886381565242E-16,
-0.680942745044779));
#1789=DIRECTION('ref_axis',(0.680942745044779,5.50339926145498E-17,-0.732336656170426));
#1790=DIRECTION('center_axis',(-0.732336656170426,1.08886381565242E-16,
-0.680942745044779));
#1791=DIRECTION('ref_axis',(-0.680942745044779,-6.91350840476635E-17,0.732336656170426));
#1792=DIRECTION('',(1.48683505936513E-16,1.,0.));
#1793=DIRECTION('center_axis',(0.,0.,1.));
#1794=DIRECTION('ref_axis',(-1.01528483195921E-16,1.,0.));
#1795=DIRECTION('',(2.14816546933182E-16,-1.,0.));
#1796=DIRECTION('center_axis',(0.,0.,-1.));
#1797=DIRECTION('ref_axis',(-1.,-1.01528483195921E-16,0.));
#1798=DIRECTION('',(-1.,-1.01528483195921E-16,0.));
#1799=DIRECTION('center_axis',(-9.84970965236545E-17,0.970142500145332,
0.242535625036333));
#1800=DIRECTION('ref_axis',(-2.46242741309136E-17,0.242535625036333,-0.970142500145332));
#1801=DIRECTION('',(-0.669809332369235,-0.180090738284749,0.720362953138995));
#1802=DIRECTION('',(-1.,-1.01528483195921E-16,0.));
#1803=DIRECTION('center_axis',(-9.84970965236545E-17,0.970142500145332,
0.242535625036333));
#1804=DIRECTION('ref_axis',(-2.44960522286644E-17,-0.242535625036333,0.970142500145332));
#1805=DIRECTION('',(1.,1.01528483195921E-16,0.));
#1806=DIRECTION('center_axis',(1.,1.01528483195921E-16,0.));
#1807=DIRECTION('ref_axis',(-1.6907888954907E-31,1.66533453693773E-15,1.));
#1808=DIRECTION('',(-1.,-1.01528483195921E-16,0.));
#1809=DIRECTION('center_axis',(-1.,1.17595805413394E-17,0.));
#1810=DIRECTION('ref_axis',(-1.6907888954907E-31,1.66533453693773E-15,1.));
#1811=DIRECTION('',(-1.,-1.01528483195921E-16,0.));
#1812=DIRECTION('center_axis',(-1.01528483195921E-16,1.,0.));
#1813=DIRECTION('ref_axis',(0.,0.,-1.));
#1814=DIRECTION('',(0.,0.,1.));
#1815=DIRECTION('',(0.,0.,-1.));
#1816=DIRECTION('',(-1.,-1.01528483195921E-16,0.));
#1817=DIRECTION('center_axis',(1.,1.01528483195921E-16,0.));
#1818=DIRECTION('ref_axis',(-8.21911268641315E-32,8.09537622122511E-16,
-1.));
#1819=DIRECTION('center_axis',(1.,-1.17595805413394E-17,0.));
#1820=DIRECTION('ref_axis',(-8.21911268641315E-32,8.09537622122511E-16,
-1.));
#1821=DIRECTION('center_axis',(0.732336656170426,2.57592441344755E-16,0.680942745044779));
#1822=DIRECTION('ref_axis',(0.680942745044779,8.32361754807772E-17,-0.732336656170426));
#1823=DIRECTION('center_axis',(0.732336656170426,2.57592441344755E-16,0.680942745044779));
#1824=DIRECTION('ref_axis',(-0.680942745044779,-6.91350840476635E-17,0.732336656170426));
#1825=DIRECTION('',(3.51740472328356E-16,-1.,0.));
#1826=DIRECTION('center_axis',(-1.,-1.01528483195921E-16,0.));
#1827=DIRECTION('ref_axis',(1.01528483195921E-16,-1.,0.));
#1828=DIRECTION('center_axis',(1.,1.01528483195921E-16,0.));
#1829=DIRECTION('ref_axis',(1.01528483195921E-16,-1.,0.));
#1830=DIRECTION('center_axis',(1.,1.01528483195921E-16,0.));
#1831=DIRECTION('ref_axis',(1.01528483195921E-16,-1.,0.));
#1832=DIRECTION('center_axis',(-1.,-1.01528483195921E-16,0.));
#1833=DIRECTION('ref_axis',(1.01528483195921E-16,-1.,0.));
#1834=DIRECTION('center_axis',(1.,1.01528483195921E-16,0.));
#1835=DIRECTION('ref_axis',(1.01528483195921E-16,-1.,0.));
#1836=DIRECTION('center_axis',(0.,0.,-1.));
#1837=DIRECTION('ref_axis',(1.,2.23993163110657E-16,0.));
#1838=DIRECTION('center_axis',(0.,0.,-1.));
#1839=DIRECTION('ref_axis',(-1.,-1.01528483195921E-16,0.));
#1840=DIRECTION('center_axis',(0.,0.,-1.));
#1841=DIRECTION('ref_axis',(-1.,-1.01528483195921E-16,0.));
#1842=DIRECTION('center_axis',(0.,0.,1.));
#1843=DIRECTION('ref_axis',(-1.,-1.01528483195921E-16,0.));
#1844=DIRECTION('',(-1.17595805413394E-17,-1.,0.));
#1845=DIRECTION('center_axis',(1.,1.01528483195921E-16,0.));
#1846=DIRECTION('ref_axis',(1.01528483195921E-16,-1.,0.));
#1847=DIRECTION('center_axis',(1.,-1.17595805413394E-17,0.));
#1848=DIRECTION('ref_axis',(1.01528483195921E-16,-1.,0.));
#1849=DIRECTION('',(-1.,-1.01528483195921E-16,0.));
#1850=DIRECTION('center_axis',(1.,1.01528483195921E-16,0.));
#1851=DIRECTION('ref_axis',(1.01528483195921E-16,-1.,0.));
#1852=DIRECTION('center_axis',(1.,-1.17595805413394E-17,0.));
#1853=DIRECTION('ref_axis',(1.01528483195921E-16,-1.,0.));
#1854=DIRECTION('',(-1.,-1.01528483195921E-16,0.));
#1855=DIRECTION('center_axis',(-5.09810574390509E-17,0.502135517386503,
0.86478894661009));
#1856=DIRECTION('ref_axis',(-8.78007100339211E-17,0.86478894661009,-0.502135517386503));
#1857=DIRECTION('center_axis',(-5.09810574390509E-17,0.502135517386503,
0.86478894661009));
#1858=DIRECTION('ref_axis',(8.78007100339211E-17,-0.86478894661009,0.502135517386503));
#1859=DIRECTION('',(1.,1.01528483195921E-16,0.));
#1860=DIRECTION('',(1.01695552689214E-17,0.86478894661009,-0.502135517386503));
#1861=DIRECTION('center_axis',(0.,0.,-1.));
#1862=DIRECTION('ref_axis',(-1.,-1.01528483195921E-16,0.));
#1863=DIRECTION('center_axis',(0.,0.,1.));
#1864=DIRECTION('ref_axis',(-1.,-1.01528483195921E-16,0.));
#1865=DIRECTION('',(-1.17595805413394E-17,-1.,0.));
#1866=DIRECTION('center_axis',(-1.,1.17595805413394E-17,0.));
#1867=DIRECTION('ref_axis',(-1.17595805413394E-17,-1.,0.));
#1868=DIRECTION('',(0.,0.,1.));
#1869=DIRECTION('',(2.14816546933182E-16,-1.,0.));
#1870=DIRECTION('',(1.17595805413394E-17,1.,0.));
#1871=DIRECTION('',(0.,0.,1.));
#1872=DIRECTION('',(1.17595805413394E-17,1.,0.));
#1873=DIRECTION('center_axis',(0.,0.,-1.));
#1874=DIRECTION('ref_axis',(1.01528483195921E-16,-1.,0.));
#1875=DIRECTION('center_axis',(0.,0.,1.));
#1876=DIRECTION('ref_axis',(2.16058101320247E-16,-1.,0.));
#1877=DIRECTION('center_axis',(-1.,0.,0.));
#1878=DIRECTION('ref_axis',(0.,0.707106781186548,-0.707106781186547));
#1879=DIRECTION('center_axis',(1.,1.13288063737261E-16,0.));
#1880=DIRECTION('ref_axis',(0.,0.707106781186548,-0.707106781186547));
#1881=DIRECTION('',(1.,0.,0.));
#1882=DIRECTION('center_axis',(-0.748996562490381,-0.662573882203029,0.));
#1883=DIRECTION('ref_axis',(-0.662573882203029,0.748996562490381,0.));
#1884=DIRECTION('',(-1.,0.,0.));
#1885=DIRECTION('center_axis',(-0.748996562490381,-0.662573882203029,0.));
#1886=DIRECTION('ref_axis',(0.662573882203029,-0.748996562490381,0.));
#1887=DIRECTION('',(0.,0.,-1.));
#1888=DIRECTION('center_axis',(-0.748996562490381,-0.662573882203029,0.));
#1889=DIRECTION('ref_axis',(-0.662573882203029,0.748996562490381,-6.49650960188996E-17));
#1890=DIRECTION('',(-0.607600309749893,0.686852524065096,-0.398817594618443));
#1891=DIRECTION('',(0.,0.,1.));
#1892=DIRECTION('',(-0.530314422297324,0.599485868683932,0.59948586868393));
#1893=DIRECTION('',(0.,0.,1.));
#1894=DIRECTION('',(0.662573882203029,-0.748996562490381,0.));
#1895=DIRECTION('center_axis',(0.,1.,0.));
#1896=DIRECTION('ref_axis',(-1.,0.,0.));
#1897=DIRECTION('',(0.,0.,1.));
#1898=DIRECTION('',(-1.,0.,0.));
#1899=DIRECTION('center_axis',(1.,0.,0.));
#1900=DIRECTION('ref_axis',(0.,0.866641655295458,0.498931098756881));
#1901=DIRECTION('center_axis',(1.,1.13288063737261E-16,0.));
#1902=DIRECTION('ref_axis',(0.,0.866641655295458,0.498931098756881));
#1903=DIRECTION('',(1.,0.,0.));
#1904=DIRECTION('center_axis',(-1.,-1.57478443209242E-16,0.));
#1905=DIRECTION('ref_axis',(0.,-0.707106781186548,-0.707106781186547));
#1906=DIRECTION('center_axis',(1.,1.13288063737261E-16,0.));
#1907=DIRECTION('ref_axis',(0.,-0.707106781186548,-0.707106781186547));
#1908=DIRECTION('',(1.,1.57478443209242E-16,0.));
#1909=DIRECTION('center_axis',(-0.748996562490381,0.662573882203028,0.));
#1910=DIRECTION('ref_axis',(-0.662573882203029,-0.748996562490381,0.));
#1911=DIRECTION('',(-1.,-1.57478443209242E-16,0.));
#1912=DIRECTION('center_axis',(1.57478443209242E-16,-1.,0.));
#1913=DIRECTION('ref_axis',(1.,1.57478443209242E-16,0.));
#1914=DIRECTION('',(0.,0.,1.));
#1915=DIRECTION('',(1.,1.57478443209242E-16,9.1439096056979E-17));
#1916=DIRECTION('',(0.,0.,1.));
#1917=DIRECTION('center_axis',(-0.748996562490381,0.662573882203028,0.));
#1918=DIRECTION('ref_axis',(-0.662573882203028,-0.748996562490381,0.));
#1919=DIRECTION('',(-0.662573882203028,-0.748996562490381,0.));
#1920=DIRECTION('',(0.,0.,1.));
#1921=DIRECTION('',(-0.530314422297324,-0.599485868683932,0.59948586868393));
#1922=DIRECTION('',(0.,0.,1.));
#1923=DIRECTION('',(0.607600309749892,0.686852524065097,0.398817594618442));
#1924=DIRECTION('center_axis',(-0.748996562490381,0.662573882203028,0.));
#1925=DIRECTION('ref_axis',(-0.662573882203028,-0.748996562490381,-1.29930192037799E-16));
#1926=DIRECTION('center_axis',(-1.,-1.57478443209242E-16,-9.1439096056979E-17));
#1927=DIRECTION('ref_axis',(0.,-0.866641655295458,0.498931098756881));
#1928=DIRECTION('center_axis',(1.,1.13288063737261E-16,0.));
#1929=DIRECTION('ref_axis',(0.,-0.866641655295458,0.498931098756881));
#1930=DIRECTION('',(-1.,-1.57478443209242E-16,-9.1439096056979E-17));
#1931=DIRECTION('center_axis',(0.,0.502135517386503,-0.86478894661009));
#1932=DIRECTION('ref_axis',(0.,0.86478894661009,0.502135517386502));
#1933=DIRECTION('center_axis',(0.,0.502135517386503,-0.86478894661009));
#1934=DIRECTION('ref_axis',(0.,0.86478894661009,0.502135517386502));
#1935=DIRECTION('',(1.,0.,0.));
#1936=DIRECTION('',(-9.79702653028426E-17,0.86478894661009,0.502135517386502));
#1937=DIRECTION('center_axis',(0.,0.,1.));
#1938=DIRECTION('ref_axis',(1.,0.,0.));
#1939=DIRECTION('center_axis',(0.,0.,1.));
#1940=DIRECTION('ref_axis',(1.,0.,0.));
#1941=DIRECTION('center_axis',(0.,0.,1.));
#1942=DIRECTION('ref_axis',(1.,0.,0.));
#1943=DIRECTION('center_axis',(0.,0.,1.));
#1944=DIRECTION('ref_axis',(1.,0.,0.));
#1945=DIRECTION('center_axis',(0.,0.,1.));
#1946=DIRECTION('ref_axis',(1.,0.,0.));
#1947=DIRECTION('center_axis',(0.,0.,1.));
#1948=DIRECTION('ref_axis',(-1.,-1.01528483195921E-16,0.));
#1949=DIRECTION('center_axis',(0.,0.,1.));
#1950=DIRECTION('ref_axis',(1.,0.,0.));
#1951=DIRECTION('center_axis',(0.,0.,-1.));
#1952=DIRECTION('ref_axis',(1.,0.,0.));
#1953=DIRECTION('',(0.,0.,1.));
#1954=DIRECTION('center_axis',(0.,0.,-1.));
#1955=DIRECTION('ref_axis',(1.,0.,0.));
#1956=DIRECTION('center_axis',(0.,-0.502135517386503,-0.86478894661009));
#1957=DIRECTION('ref_axis',(0.,-0.86478894661009,0.502135517386503));
#1958=DIRECTION('center_axis',(0.,0.,-1.));
#1959=DIRECTION('ref_axis',(1.,0.,0.));
#1960=DIRECTION('',(0.,0.,1.));
#1961=DIRECTION('center_axis',(0.,0.,1.));
#1962=DIRECTION('ref_axis',(1.,0.,0.));
#1963=DIRECTION('center_axis',(-0.732336656170426,-1.83239411454998E-16,
0.680942745044779));
#1964=DIRECTION('ref_axis',(0.680942745044779,0.,0.732336656170426));
#1965=DIRECTION('center_axis',(0.,0.,1.));
#1966=DIRECTION('ref_axis',(-1.,-1.01528483195921E-16,0.));
#1967=DIRECTION('center_axis',(0.,0.,-1.));
#1968=DIRECTION('ref_axis',(-1.,-1.01528483195921E-16,0.));
#1969=DIRECTION('center_axis',(-1.1185197847406E-15,0.707106781186547,-0.707106781186548));
#1970=DIRECTION('ref_axis',(7.17914789514206E-17,-0.707106781186548,-0.707106781186547));
#1971=DIRECTION('center_axis',(0.,0.,-1.));
#1972=DIRECTION('ref_axis',(1.,0.,0.));
#1973=DIRECTION('center_axis',(-1.04672830578918E-15,-0.707106781186547,
0.707106781186548));
#1974=DIRECTION('ref_axis',(0.,-0.707106781186548,-0.707106781186547));
#1975=DIRECTION('center_axis',(0.,0.,1.));
#1976=DIRECTION('ref_axis',(1.,0.,0.));
#1977=DIRECTION('',(0.,0.,-1.));
#1978=DIRECTION('center_axis',(0.,0.,1.));
#1979=DIRECTION('ref_axis',(1.,0.,0.));
#1980=DIRECTION('center_axis',(0.,0.,-1.));
#1981=DIRECTION('ref_axis',(1.,0.,0.));
#1982=DIRECTION('center_axis',(1.04672830578918E-15,-0.707106781186547,
-0.707106781186548));
#1983=DIRECTION('ref_axis',(0.,0.707106781186548,-0.707106781186547));
#1984=DIRECTION('center_axis',(0.,0.,-1.));
#1985=DIRECTION('ref_axis',(-1.,-1.01528483195921E-16,0.));
#1986=DIRECTION('center_axis',(9.74936826837762E-16,0.707106781186547,0.707106781186548));
#1987=DIRECTION('ref_axis',(-7.17914789514206E-17,0.707106781186548,-0.707106781186547));
#1988=DIRECTION('center_axis',(0.,0.,1.));
#1989=DIRECTION('ref_axis',(-1.,-1.01528483195921E-16,0.));
#1990=DIRECTION('center_axis',(0.,0.,1.));
#1991=DIRECTION('ref_axis',(1.,0.,0.));
#1992=DIRECTION('center_axis',(0.732336656170426,-1.83239411454998E-16,
-0.680942745044779));
#1993=DIRECTION('ref_axis',(0.680942745044779,0.,0.732336656170426));
#1994=DIRECTION('center_axis',(0.,0.,-1.));
#1995=DIRECTION('ref_axis',(1.,0.,0.));
#1996=DIRECTION('',(0.,0.,1.));
#1997=DIRECTION('center_axis',(0.,0.,-1.));
#1998=DIRECTION('ref_axis',(1.,0.,0.));
#1999=DIRECTION('',(-2.50211989132435E-16,1.,0.));
#2000=DIRECTION('',(-1.,0.,0.));
#2001=DIRECTION('center_axis',(0.,0.,1.));
#2002=DIRECTION('ref_axis',(4.38455288057458E-18,1.,0.));
#2003=DIRECTION('center_axis',(0.,-0.970142500145332,0.242535625036333));
#2004=DIRECTION('ref_axis',(0.,-0.242535625036333,-0.970142500145332));
#2005=DIRECTION('',(0.669809332369235,0.180090738284749,0.720362953138995));
#2006=DIRECTION('',(1.,0.,0.));
#2007=DIRECTION('center_axis',(0.,-0.970142500145332,0.242535625036333));
#2008=DIRECTION('ref_axis',(4.9120326359578E-17,0.242535625036333,0.970142500145332));
#2009=DIRECTION('center_axis',(-1.,0.,0.));
#2010=DIRECTION('ref_axis',(0.,-1.66533453693773E-15,1.));
#2011=DIRECTION('',(1.,0.,0.));
#2012=DIRECTION('center_axis',(1.,-1.13288063737261E-16,0.));
#2013=DIRECTION('ref_axis',(0.,-1.66533453693773E-15,1.));
#2014=DIRECTION('',(1.,0.,0.));
#2015=DIRECTION('center_axis',(0.,-1.,0.));
#2016=DIRECTION('ref_axis',(0.,0.,-1.));
#2017=DIRECTION('',(0.,0.,-1.));
#2018=DIRECTION('',(0.,0.,-1.));
#2019=DIRECTION('',(1.,0.,0.));
#2020=DIRECTION('center_axis',(-1.,0.,0.));
#2021=DIRECTION('ref_axis',(0.,-8.09537622122511E-16,-1.));
#2022=DIRECTION('center_axis',(-1.,1.13288063737261E-16,0.));
#2023=DIRECTION('ref_axis',(0.,-8.09537622122511E-16,-1.));
#2024=DIRECTION('',(1.,0.,0.));
#2025=DIRECTION('center_axis',(-1.04104321318229E-32,4.33508388685161E-64,
1.));
#2026=DIRECTION('ref_axis',(4.38455288057458E-18,1.,0.));
#2027=DIRECTION('center_axis',(0.,0.,1.));
#2028=DIRECTION('ref_axis',(-1.68462887758073E-16,1.,0.));
#2029=DIRECTION('center_axis',(0.,0.,1.));
#2030=DIRECTION('ref_axis',(0.,-1.,0.));
#2031=DIRECTION('',(-1.13288063737261E-16,-1.,0.));
#2032=DIRECTION('center_axis',(-0.732336656170426,-1.83239411454998E-16,
0.680942745044779));
#2033=DIRECTION('ref_axis',(-0.680942745044779,-1.41010914331137E-17,-0.732336656170426));
#2034=DIRECTION('center_axis',(0.,0.,-1.));
#2035=DIRECTION('ref_axis',(1.,0.,0.));
#2036=DIRECTION('',(-1.,1.48029736616688E-15,0.));
#2037=DIRECTION('center_axis',(-1.04672830578918E-15,-0.707106781186547,
0.707106781186548));
#2038=DIRECTION('ref_axis',(-1.,0.,-1.48029736616687E-15));
#2039=DIRECTION('',(-1.,-1.5818258493628E-15,0.));
#2040=DIRECTION('center_axis',(0.,0.,1.));
#2041=DIRECTION('ref_axis',(1.,0.,0.));
#2042=DIRECTION('',(-2.50211989132435E-16,-1.,0.));
#2043=DIRECTION('center_axis',(0.,0.,-1.));
#2044=DIRECTION('ref_axis',(4.38455288057458E-18,-1.,0.));
#2045=DIRECTION('',(-1.,0.,0.));
#2046=DIRECTION('center_axis',(0.,0.,-1.));
#2047=DIRECTION('ref_axis',(0.,1.,0.));
#2048=DIRECTION('',(-1.13288063737261E-16,-1.,0.));
#2049=DIRECTION('',(1.,0.,0.));
#2050=DIRECTION('center_axis',(0.,0.,1.));
#2051=DIRECTION('ref_axis',(1.,0.,0.));
#2052=DIRECTION('center_axis',(0.,-0.970142500145332,-0.242535625036333));
#2053=DIRECTION('ref_axis',(0.,0.242535625036333,-0.970142500145332));
#2054=DIRECTION('',(0.669809332369235,-0.180090738284749,0.720362953138995));
#2055=DIRECTION('center_axis',(0.,-0.970142500145332,-0.242535625036333));
#2056=DIRECTION('ref_axis',(4.9120326359578E-17,-0.242535625036333,0.970142500145332));
#2057=DIRECTION('',(1.,0.,0.));
#2058=DIRECTION('center_axis',(1.,0.,0.));
#2059=DIRECTION('ref_axis',(0.,1.66533453693773E-15,1.));
#2060=DIRECTION('',(1.,0.,0.));
#2061=DIRECTION('center_axis',(-1.,-1.13288063737261E-16,0.));
#2062=DIRECTION('ref_axis',(0.,1.66533453693773E-15,1.));
#2063=DIRECTION('',(1.,0.,0.));
#2064=DIRECTION('center_axis',(0.,-1.,0.));
#2065=DIRECTION('ref_axis',(0.,0.,-1.));
#2066=DIRECTION('',(0.,0.,1.));
#2067=DIRECTION('',(1.,0.,0.));
#2068=DIRECTION('',(0.,0.,-1.));
#2069=DIRECTION('center_axis',(1.,0.,0.));
#2070=DIRECTION('ref_axis',(0.,8.09537622122511E-16,-1.));
#2071=DIRECTION('center_axis',(1.,1.13288063737261E-16,0.));
#2072=DIRECTION('ref_axis',(0.,8.09537622122511E-16,-1.));
#2073=DIRECTION('center_axis',(-1.04104321318229E-32,-4.33508388685161E-64,
1.));
#2074=DIRECTION('ref_axis',(4.38455288057458E-18,-1.,0.));
#2075=DIRECTION('center_axis',(0.,0.,-1.));
#2076=DIRECTION('ref_axis',(-1.68462887758073E-16,-1.,0.));
#2077=DIRECTION('center_axis',(0.,0.,-1.));
#2078=DIRECTION('ref_axis',(0.,1.,0.));
#2079=DIRECTION('',(-1.13288063737261E-16,1.,0.));
#2080=DIRECTION('center_axis',(0.732336656170426,-1.83239411454998E-16,
-0.680942745044779));
#2081=DIRECTION('ref_axis',(-0.680942745044779,1.41010914331137E-17,-0.732336656170426));
#2082=DIRECTION('center_axis',(0.,0.,1.));
#2083=DIRECTION('ref_axis',(1.,0.,0.));
#2084=DIRECTION('',(-1.,-1.48029736616688E-15,0.));
#2085=DIRECTION('center_axis',(1.04672830578918E-15,-0.707106781186547,
-0.707106781186548));
#2086=DIRECTION('ref_axis',(-1.,0.,-1.48029736616687E-15));
#2087=DIRECTION('',(1.,1.48029736616688E-15,0.));
#2088=DIRECTION('center_axis',(-1.,0.,0.));
#2089=DIRECTION('ref_axis',(0.,-1.,0.));
#2090=DIRECTION('center_axis',(1.,0.,0.));
#2091=DIRECTION('ref_axis',(0.,-1.,0.));
#2092=DIRECTION('center_axis',(1.,0.,0.));
#2093=DIRECTION('ref_axis',(0.,-1.,0.));
#2094=DIRECTION('center_axis',(-1.,0.,0.));
#2095=DIRECTION('ref_axis',(0.,-1.,0.));
#2096=DIRECTION('center_axis',(1.,0.,0.));
#2097=DIRECTION('ref_axis',(0.,-1.,0.));
#2098=DIRECTION('center_axis',(0.,0.,1.));
#2099=DIRECTION('ref_axis',(-1.,1.22464679914735E-16,0.));
#2100=DIRECTION('center_axis',(0.,0.,1.));
#2101=DIRECTION('ref_axis',(1.,0.,0.));
#2102=DIRECTION('center_axis',(0.,0.,1.));
#2103=DIRECTION('ref_axis',(1.,0.,0.));
#2104=DIRECTION('',(1.13288063737261E-16,-1.,0.));
#2105=DIRECTION('center_axis',(0.,0.,1.));
#2106=DIRECTION('ref_axis',(1.,0.,0.));
#2107=DIRECTION('',(-1.,-1.01528483195921E-16,0.));
#2108=DIRECTION('',(1.,-1.37876888297095E-15,0.));
#2109=DIRECTION('',(-1.13288063737261E-16,1.,0.));
#2110=DIRECTION('center_axis',(0.,-1.,0.));
#2111=DIRECTION('ref_axis',(1.,0.,0.));
#2112=DIRECTION('center_axis',(-1.48029736616688E-15,1.,0.));
#2113=DIRECTION('ref_axis',(-1.,-1.48029736616688E-15,0.));
#2114=DIRECTION('center_axis',(1.,0.,0.));
#2115=DIRECTION('ref_axis',(0.,-1.,0.));
#2116=DIRECTION('center_axis',(1.,1.13288063737261E-16,0.));
#2117=DIRECTION('ref_axis',(0.,-1.,0.));
#2118=DIRECTION('',(1.,0.,0.));
#2119=DIRECTION('center_axis',(1.,0.,0.));
#2120=DIRECTION('ref_axis',(0.,-1.,0.));
#2121=DIRECTION('center_axis',(1.,1.13288063737261E-16,0.));
#2122=DIRECTION('ref_axis',(0.,-1.,0.));
#2123=DIRECTION('',(1.,0.,0.));
#2124=DIRECTION('center_axis',(0.,-0.502135517386503,-0.86478894661009));
#2125=DIRECTION('ref_axis',(0.,0.86478894661009,-0.502135517386503));
#2126=DIRECTION('',(-9.79702653028425E-17,0.86478894661009,-0.502135517386503));
#2127=DIRECTION('',(-1.,0.,0.));
#2128=DIRECTION('center_axis',(0.,0.,1.));
#2129=DIRECTION('ref_axis',(1.,0.,0.));
#2130=DIRECTION('',(1.13288063737261E-16,-1.,0.));
#2131=DIRECTION('center_axis',(-1.,-1.13288063737261E-16,0.));
#2132=DIRECTION('ref_axis',(1.13288063737261E-16,-1.,0.));
#2133=DIRECTION('center_axis',(0.,0.,1.));
#2134=DIRECTION('ref_axis',(3.22981078328685E-32,-1.,0.));
#2135=DIRECTION('center_axis',(0.,0.,1.));
#2136=DIRECTION('ref_axis',(1.37418635271867E-32,-1.,0.));
#2137=DIRECTION('',(-1.1466725302582E-16,-0.936329177569044,-0.351123441588392));
#2138=DIRECTION('center_axis',(0.,0.,-1.));
#2139=DIRECTION('ref_axis',(-1.14529618124326E-16,-1.,0.));
#2140=CARTESIAN_POINT('',(0.,0.,0.));
#2141=CARTESIAN_POINT('Origin',(1.73750000000002,9.,0.8));
#2142=CARTESIAN_POINT('',(7.05000000000002,9.,0.));
#2143=CARTESIAN_POINT('',(7.05000000000002,9.8,0.8));
#2144=CARTESIAN_POINT('Origin',(7.05000000000002,9.,0.8));
#2145=CARTESIAN_POINT('',(3.44230769230771,9.,0.));
#2146=CARTESIAN_POINT('',(1.73750000000002,9.,0.));
#2147=CARTESIAN_POINT('',(4.15000000000002,9.8,0.8));
#2148=CARTESIAN_POINT('Origin',(3.44230769230771,9.,0.8));
#2149=CARTESIAN_POINT('',(1.73750000000002,9.8,0.8));
#2150=CARTESIAN_POINT('Origin',(4.15000000000002,9.8,0.));
#2151=CARTESIAN_POINT('',(3.00000000000002,8.5,0.));
#2152=CARTESIAN_POINT('',(1.58110995850624,6.89603734439834,0.));
#2153=CARTESIAN_POINT('',(3.00000000000001,8.50000000000001,5.351));
#2154=CARTESIAN_POINT('',(3.00000000000001,8.50000000000001,0.));
#2155=CARTESIAN_POINT('',(3.09719409564211,8.60987158637803,5.46087158637803));
#2156=CARTESIAN_POINT('',(1.97661921850081,7.34313476874004,4.19413476874004));
#2157=CARTESIAN_POINT('',(3.09719409564212,8.60987158637803,5.19104230468373));
#2158=CARTESIAN_POINT('',(3.09719409564211,8.60987158637803,0.));
#2159=CARTESIAN_POINT('',(3.79766513538124,9.4017084139092,4.73126608224627));
#2160=CARTESIAN_POINT('',(4.36557828484369,10.0436971915624,4.35849840489924));
#2161=CARTESIAN_POINT('',(4.15000000000002,9.8,4.0394349249582));
#2162=CARTESIAN_POINT('Origin',(3.44230769230771,9.,4.0394349249582));
#2163=CARTESIAN_POINT('',(4.15000000000002,9.8,0.));
#2164=CARTESIAN_POINT('Origin',(2.03464892500178E-14,9.8,0.));
#2165=CARTESIAN_POINT('',(7.05000000000002,9.8,4.0394349249582));
#2166=CARTESIAN_POINT('',(3.52500000000002,9.8,4.0394349249582));
#2167=CARTESIAN_POINT('',(7.05000000000002,9.8,0.));
#2168=CARTESIAN_POINT('Origin',(3.52500000000002,9.,4.0394349249582));
#2169=CARTESIAN_POINT('',(7.05000000000002,9.4017084139092,4.73126608224627));
#2170=CARTESIAN_POINT('',(3.52500000000002,9.4017084139092,4.73126608224627));
#2171=CARTESIAN_POINT('Origin',(7.05000000000002,9.,4.0394349249582));
#2172=CARTESIAN_POINT('Origin',(5.26250000000002,-9.,0.8));
#2173=CARTESIAN_POINT('',(7.05000000000002,-9.8,0.8));
#2174=CARTESIAN_POINT('',(7.05000000000002,-9.,0.));
#2175=CARTESIAN_POINT('Origin',(7.05000000000002,-9.,0.8));
#2176=CARTESIAN_POINT('',(4.15,-9.8,0.8));
#2177=CARTESIAN_POINT('',(5.26250000000002,-9.8,0.8));
#2178=CARTESIAN_POINT('',(3.4423076923077,-9.,0.));
#2179=CARTESIAN_POINT('Origin',(3.4423076923077,-9.,0.8));
#2180=CARTESIAN_POINT('',(5.26250000000002,-9.,0.));
#2181=CARTESIAN_POINT('Origin',(7.05000000000002,-9.8,0.));
#2182=CARTESIAN_POINT('',(7.05000000000002,-9.8,4.03943492495821));
#2183=CARTESIAN_POINT('',(7.05000000000002,-9.8,0.));
#2184=CARTESIAN_POINT('',(4.15,-9.8,4.03943492495821));
#2185=CARTESIAN_POINT('',(7.05000000000002,-9.8,4.03943492495821));
#2186=CARTESIAN_POINT('',(4.15,-9.8,0.));
#2187=CARTESIAN_POINT('Origin',(3.00000000000001,-8.50000000000001,0.));
#2188=CARTESIAN_POINT('',(3.79766513538122,-9.4017084139092,4.73126608224628));
#2189=CARTESIAN_POINT('Origin',(3.4423076923077,-9.,4.03943492495821));
#2190=CARTESIAN_POINT('',(3.09719409564211,-8.60987158637803,5.19104230468373));
#2191=CARTESIAN_POINT('',(4.74698900676748,-10.474857138085,4.10814746820874));
#2192=CARTESIAN_POINT('',(3.09719409564211,-8.60987158637803,5.46087158637803));
#2193=CARTESIAN_POINT('',(3.09719409564211,-8.60987158637803,0.));
#2194=CARTESIAN_POINT('',(3.00000000000001,-8.50000000000001,5.351));
#2195=CARTESIAN_POINT('',(1.97661921850081,-7.34313476874004,4.19413476874004));
#2196=CARTESIAN_POINT('',(3.00000000000001,-8.50000000000001,0.));
#2197=CARTESIAN_POINT('',(3.00000000000001,-8.50000000000001,0.));
#2198=CARTESIAN_POINT('',(1.00610995850624,-6.24603734439835,0.));
#2199=CARTESIAN_POINT('Origin',(7.05000000000002,-9.,4.03943492495821));
#2200=CARTESIAN_POINT('',(7.05000000000002,-9.4017084139092,4.73126608224628));
#2201=CARTESIAN_POINT('Origin',(7.05000000000002,-9.,4.03943492495821));
#2202=CARTESIAN_POINT('',(7.05000000000002,-9.4017084139092,4.73126608224628));
#2203=CARTESIAN_POINT('Origin',(7.05000000000002,-9.8,4.50000000000001));
#2204=CARTESIAN_POINT('',(7.05000000000002,-6.69999999999999,6.30000000000001));
#2205=CARTESIAN_POINT('',(7.05000000000002,-3.44801556420232,8.18824902723736));
#2206=CARTESIAN_POINT('',(6.23157283516771,-6.70000000000001,6.3));
#2207=CARTESIAN_POINT('',(5.28750000000002,-6.70000000000001,6.3));
#2208=CARTESIAN_POINT('Origin',(2.13414683853378E-14,0.,10.1903225806452));
#2209=CARTESIAN_POINT('Origin',(2.13414683853378E-14,0.,0.));
#2210=CARTESIAN_POINT('',(4.05000000000002,8.20487659870641,4.56393756684805));
#2211=CARTESIAN_POINT('',(4.05000000000002,8.20487659870641,3.43606243315195));
#2212=CARTESIAN_POINT('Ctrl Pts',(4.05000000000002,8.20487659870641,4.56393756684805));
#2213=CARTESIAN_POINT('Ctrl Pts',(4.18478082671181,8.13834758494052,4.58810733112147));
#2214=CARTESIAN_POINT('Ctrl Pts',(4.31788884501737,8.0683433003293,4.6));
#2215=CARTESIAN_POINT('Ctrl Pts',(4.57134893236788,7.92764120156497,4.6));
#2216=CARTESIAN_POINT('Ctrl Pts',(4.7118340645056,7.84508723095141,4.58657289236624));
#2217=CARTESIAN_POINT('Ctrl Pts',(4.9761881638196,7.68012533775365,4.51550555088742));
#2218=CARTESIAN_POINT('Ctrl Pts',(5.1002586949835,7.59766367488628,4.45874269179119));
#2219=CARTESIAN_POINT('Ctrl Pts',(5.24849510205572,7.49528536407026,4.32895730103494));
#2220=CARTESIAN_POINT('Ctrl Pts',(5.2957760158597,7.46183215757522,4.27392652664886));
#2221=CARTESIAN_POINT('Ctrl Pts',(5.34579344915619,7.42599575929027,4.17800078419121));
#2222=CARTESIAN_POINT('Ctrl Pts',(5.35910109490819,7.41637738396802,4.1438114102164));
#2223=CARTESIAN_POINT('Ctrl Pts',(5.37704269900179,7.40338025969408,4.07304796165663));
#2224=CARTESIAN_POINT('Ctrl Pts',(5.38168189323748,7.4,4.03647549219007));
#2225=CARTESIAN_POINT('Ctrl Pts',(5.38168189323748,7.4,4.));
#2226=CARTESIAN_POINT('Ctrl Pts',(5.38168189323748,7.4,3.96352450780993));
#2227=CARTESIAN_POINT('Ctrl Pts',(5.3770426990018,7.40338025969408,3.92695203834337));
#2228=CARTESIAN_POINT('Ctrl Pts',(5.35910109490819,7.41637738396802,3.8561885897836));
#2229=CARTESIAN_POINT('Ctrl Pts',(5.34579344915619,7.42599575929027,3.82199921580879));
#2230=CARTESIAN_POINT('Ctrl Pts',(5.2957760158597,7.46183215757522,3.72607347335114));
#2231=CARTESIAN_POINT('Ctrl Pts',(5.24849510205572,7.49528536407026,3.67104269896506));
#2232=CARTESIAN_POINT('Ctrl Pts',(5.1002586949835,7.59766367488628,3.54125730820881));
#2233=CARTESIAN_POINT('Ctrl Pts',(4.9761881638196,7.68012533775365,3.48449444911258));
#2234=CARTESIAN_POINT('Ctrl Pts',(4.7118340645056,7.84508723095141,3.41342710763376));
#2235=CARTESIAN_POINT('Ctrl Pts',(4.57134893236788,7.92764120156497,3.4));
#2236=CARTESIAN_POINT('Ctrl Pts',(4.31788884501737,8.0683433003293,3.4));
#2237=CARTESIAN_POINT('Ctrl Pts',(4.18478082671181,8.13834758494052,3.41189266887853));
#2238=CARTESIAN_POINT('Ctrl Pts',(4.05000000000002,8.20487659870641,3.43606243315195));
#2239=CARTESIAN_POINT('',(4.05000000000002,8.20487659870641,0.));
#2240=CARTESIAN_POINT('Origin',(2.13414683853378E-14,0.,0.));
#2241=CARTESIAN_POINT('',(4.05000000000002,-8.20487659870641,3.43606243315195));
#2242=CARTESIAN_POINT('',(5.38168189323749,-7.4,4.));
#2243=CARTESIAN_POINT('Ctrl Pts',(4.05000000000002,-8.20487659870641,3.43606243315195));
#2244=CARTESIAN_POINT('Ctrl Pts',(4.18478082671181,-8.13834758494052,3.41189266887853));
#2245=CARTESIAN_POINT('Ctrl Pts',(4.31788884501737,-8.0683433003293,3.4));
#2246=CARTESIAN_POINT('Ctrl Pts',(4.57134893236788,-7.92764120156497,3.4));
#2247=CARTESIAN_POINT('Ctrl Pts',(4.71183406450561,-7.84508723095141,3.41342710763376));
#2248=CARTESIAN_POINT('Ctrl Pts',(4.97618816381961,-7.68012533775364,3.48449444911258));
#2249=CARTESIAN_POINT('Ctrl Pts',(5.1002586949835,-7.59766367488628,3.54125730820881));
#2250=CARTESIAN_POINT('Ctrl Pts',(5.24849510205572,-7.49528536407026,3.67104269896506));
#2251=CARTESIAN_POINT('Ctrl Pts',(5.2957760158597,-7.46183215757522,3.72607347335115));
#2252=CARTESIAN_POINT('Ctrl Pts',(5.3457934491562,-7.42599575929027,3.82199921580879));
#2253=CARTESIAN_POINT('Ctrl Pts',(5.3591010949082,-7.41637738396802,3.8561885897836));
#2254=CARTESIAN_POINT('Ctrl Pts',(5.3770426990018,-7.40338025969408,3.92695203834337));
#2255=CARTESIAN_POINT('Ctrl Pts',(5.38168189323749,-7.4,3.96352450780993));
#2256=CARTESIAN_POINT('Ctrl Pts',(5.38168189323749,-7.4,4.));
#2257=CARTESIAN_POINT('',(4.05000000000002,-8.20487659870641,4.56393756684805));
#2258=CARTESIAN_POINT('Ctrl Pts',(5.38168189323749,-7.4,4.));
#2259=CARTESIAN_POINT('Ctrl Pts',(5.38168189323749,-7.4,4.03647549219007));
#2260=CARTESIAN_POINT('Ctrl Pts',(5.3770426990018,-7.40338025969408,4.07304796165663));
#2261=CARTESIAN_POINT('Ctrl Pts',(5.3591010949082,-7.41637738396802,4.1438114102164));
#2262=CARTESIAN_POINT('Ctrl Pts',(5.34579344915619,-7.42599575929027,4.17800078419121));
#2263=CARTESIAN_POINT('Ctrl Pts',(5.2957760158597,-7.46183215757522,4.27392652664885));
#2264=CARTESIAN_POINT('Ctrl Pts',(5.24849510205572,-7.49528536407026,4.32895730103494));
#2265=CARTESIAN_POINT('Ctrl Pts',(5.1002586949835,-7.59766367488628,4.45874269179119));
#2266=CARTESIAN_POINT('Ctrl Pts',(4.97618816381961,-7.68012533775364,4.51550555088742));
#2267=CARTESIAN_POINT('Ctrl Pts',(4.71183406450561,-7.84508723095141,4.58657289236624));
#2268=CARTESIAN_POINT('Ctrl Pts',(4.57134893236788,-7.92764120156497,4.6));
#2269=CARTESIAN_POINT('Ctrl Pts',(4.31788884501737,-8.0683433003293,4.6));
#2270=CARTESIAN_POINT('Ctrl Pts',(4.18478082671181,-8.13834758494052,4.58810733112147));
#2271=CARTESIAN_POINT('Ctrl Pts',(4.05000000000002,-8.20487659870641,4.56393756684805));
#2272=CARTESIAN_POINT('',(4.05000000000002,-8.20487659870641,0.));
#2273=CARTESIAN_POINT('Origin',(7.05000000000002,7.3,15.9));
#2274=CARTESIAN_POINT('',(6.23157283516772,6.7,13.5));
#2275=CARTESIAN_POINT('',(4.00000000000002,7.3,15.9));
#2276=CARTESIAN_POINT('',(4.53339985466614,7.15658549532594,15.3263419813038));
#2277=CARTESIAN_POINT('',(2.87129099622347,7.3,15.9));
#2278=CARTESIAN_POINT('',(5.28750000000002,7.3,15.9));
#2279=CARTESIAN_POINT('',(3.08990671859021,6.7,13.5));
#2280=CARTESIAN_POINT('Origin',(1.97987959155572E-14,4.25939038526655,3.7375615410662));
#2281=CARTESIAN_POINT('',(7.05000000000002,6.7,13.5));
#2282=CARTESIAN_POINT('Origin',(7.05000000000002,5.,12.5));
#2283=CARTESIAN_POINT('',(5.58683757038254,4.13397459621637,13.));
#2284=CARTESIAN_POINT('',(5.68352883339218,4.,12.5));
#2285=CARTESIAN_POINT('Ctrl Pts',(5.58683757038294,4.13397459621584,13.0000000000005));
#2286=CARTESIAN_POINT('Ctrl Pts',(5.58726067866357,4.13340278882236,12.9990096005428));
#2287=CARTESIAN_POINT('Ctrl Pts',(5.5876821965159,4.13283294721108,12.9980186823184));
#2288=CARTESIAN_POINT('Ctrl Pts',(5.61716327810074,4.09296539479329,12.9284159264538));
#2289=CARTESIAN_POINT('Ctrl Pts',(5.64238175383027,4.05793600158003,12.8470723551409));
#2290=CARTESIAN_POINT('Ctrl Pts',(5.67555692033635,4.01140499801869,12.6749964374234));
#2291=CARTESIAN_POINT('Ctrl Pts',(5.68352883339217,4.,12.5842409155429));
#2292=CARTESIAN_POINT('Ctrl Pts',(5.68352883339217,4.,12.5));
#2293=CARTESIAN_POINT('',(7.05000000000002,4.,12.5));
#2294=CARTESIAN_POINT('',(7.05000000000002,4.,12.5));
#2295=CARTESIAN_POINT('',(7.05000000000002,5.,13.5));
#2296=CARTESIAN_POINT('Origin',(7.05000000000002,5.,12.5));
#2297=CARTESIAN_POINT('',(4.82726630713494,5.,13.5));
#2298=CARTESIAN_POINT('',(7.05000000000002,5.,13.5));
#2299=CARTESIAN_POINT('Ctrl Pts',(5.58683757038293,4.13397459621584,13.0000000000005));
#2300=CARTESIAN_POINT('Ctrl Pts',(5.55983117189445,4.17047224713376,13.0632157857471));
#2301=CARTESIAN_POINT('Ctrl Pts',(5.52796219914221,4.21274520399051,13.1201149401774));
#2302=CARTESIAN_POINT('Ctrl Pts',(5.41491333010257,4.35865303629862,13.282250110128));
#2303=CARTESIAN_POINT('Ctrl Pts',(5.31200790883255,4.48503930286203,13.3688053190556));
#2304=CARTESIAN_POINT('Ctrl Pts',(5.08001976609286,4.74619901079806,13.4775439083703));
#2305=CARTESIAN_POINT('Ctrl Pts',(4.95079836519808,4.88073557165216,13.5));
#2306=CARTESIAN_POINT('Ctrl Pts',(4.82726630713494,5.,13.5));
#2307=CARTESIAN_POINT('Origin',(7.05000000000002,4.,12.5));
#2308=CARTESIAN_POINT('',(5.68352883339218,4.,10.4));
#2309=CARTESIAN_POINT('',(5.68352883339218,4.,0.));
#2310=CARTESIAN_POINT('',(7.05000000000002,4.,10.4));
#2311=CARTESIAN_POINT('',(7.05000000000002,4.,10.4));
#2312=CARTESIAN_POINT('',(7.05000000000002,4.,6.25));
#2313=CARTESIAN_POINT('Origin',(7.05000000000002,1.6,10.4));
#2314=CARTESIAN_POINT('',(6.76332019055732,1.6,8.));
#2315=CARTESIAN_POINT('Ctrl Pts',(5.68352883339218,4.,10.4));
#2316=CARTESIAN_POINT('Ctrl Pts',(5.68352883339218,4.,10.0936059089087));
#2317=CARTESIAN_POINT('Ctrl Pts',(5.72852516209332,3.93790149150537,9.77336895765517));
#2318=CARTESIAN_POINT('Ctrl Pts',(5.88609845668338,3.69823091922398,9.19340186013955));
#2319=CARTESIAN_POINT('Ctrl Pts',(5.99644581895514,3.52090840742588,8.93296520291209));
#2320=CARTESIAN_POINT('Ctrl Pts',(6.22013864512857,3.10972104795227,8.50979303968903));
#2321=CARTESIAN_POINT('Ctrl Pts',(6.35058576084351,2.84171219192605,8.32071635660028));
#2322=CARTESIAN_POINT('Ctrl Pts',(6.5852160449837,2.24503840549452,8.06564883939371));
#2323=CARTESIAN_POINT('Ctrl Pts',(6.68858581002582,1.91590784048594,8.));
#2324=CARTESIAN_POINT('Ctrl Pts',(6.76332019055732,1.6,8.));
#2325=CARTESIAN_POINT('',(7.05000000000002,1.6,8.));
#2326=CARTESIAN_POINT('',(7.05000000000002,1.6,8.));
#2327=CARTESIAN_POINT('Origin',(7.05000000000002,1.6,10.4));
#2328=CARTESIAN_POINT('Origin',(4.00000000000002,9.8,15.9));
#2329=CARTESIAN_POINT('',(4.00000000000002,8.22936814099357,15.9));
#2330=CARTESIAN_POINT('Origin',(2.13414683853378E-14,0.,20.2018985751718));
#2331=CARTESIAN_POINT('',(4.00000000000002,4.9,15.9));
#2332=CARTESIAN_POINT('Origin',(7.05000000000002,-1.6,8.));
#2333=CARTESIAN_POINT('',(7.05000000000002,-1.6,8.));
#2334=CARTESIAN_POINT('',(7.05000000000002,-2.11633331428354,8.));
#2335=CARTESIAN_POINT('',(6.76332019055732,-1.6,8.));
#2336=CARTESIAN_POINT('Origin',(2.13414683853378E-14,0.,8.));
#2337=CARTESIAN_POINT('',(7.05000000000002,-1.6,8.));
#2338=CARTESIAN_POINT('Origin',(7.05000000000002,-7.3,15.9));
#2339=CARTESIAN_POINT('',(6.23157283516772,-6.7,13.5));
#2340=CARTESIAN_POINT('',(4.00000000000002,-7.3,15.9));
#2341=CARTESIAN_POINT('',(4.53339985466614,-7.15658549532594,15.3263419813038));
#2342=CARTESIAN_POINT('',(3.08990671859021,-6.7,13.5));
#2343=CARTESIAN_POINT('',(7.05000000000002,-6.7,13.5));
#2344=CARTESIAN_POINT('',(2.87129099622347,-7.3,15.9));
#2345=CARTESIAN_POINT('Origin',(2.0663694805868E-14,-4.25939038526655,3.7375615410662));
#2346=CARTESIAN_POINT('',(5.28750000000002,-7.3,15.9));
#2347=CARTESIAN_POINT('Origin',(7.05000000000002,-5.,12.5));
#2348=CARTESIAN_POINT('',(5.68352883339218,-4.,12.5));
#2349=CARTESIAN_POINT('',(5.58683757038254,-4.13397459621637,13.));
#2350=CARTESIAN_POINT('Ctrl Pts',(5.68352883339218,-4.,12.5));
#2351=CARTESIAN_POINT('Ctrl Pts',(5.68352883339218,-4.,12.6226689786378));
#2352=CARTESIAN_POINT('Ctrl Pts',(5.66677101099865,-4.02410596348213,12.7515502873819));
#2353=CARTESIAN_POINT('Ctrl Pts',(5.62032707452471,-4.08838985234783,12.9140449076357));
#2354=CARTESIAN_POINT('Ctrl Pts',(5.60461937275472,-4.10994347574143,12.9583768783761));
#2355=CARTESIAN_POINT('Ctrl Pts',(5.58683757038294,-4.13397459621584,13.0000000000005));
#2356=CARTESIAN_POINT('',(4.82726630713494,-5.,13.5));
#2357=CARTESIAN_POINT('Ctrl Pts',(5.58683757038293,-4.13397459621584,13.0000000000005));
#2358=CARTESIAN_POINT('Ctrl Pts',(5.55983117189445,-4.17047224713376,13.0632157857471));
#2359=CARTESIAN_POINT('Ctrl Pts',(5.52796219914221,-4.2127452039905,13.1201149401774));
#2360=CARTESIAN_POINT('Ctrl Pts',(5.41491333010257,-4.35865303629862,13.282250110128));
#2361=CARTESIAN_POINT('Ctrl Pts',(5.31200790883255,-4.48503930286203,13.3688053190556));
#2362=CARTESIAN_POINT('Ctrl Pts',(5.08001976609286,-4.74619901079806,13.4775439083703));
#2363=CARTESIAN_POINT('Ctrl Pts',(4.95079836519808,-4.88073557165215,13.5));
#2364=CARTESIAN_POINT('Ctrl Pts',(4.82726630713494,-5.,13.5));
#2365=CARTESIAN_POINT('',(7.05000000000002,-5.,13.5));
#2366=CARTESIAN_POINT('',(7.05000000000002,-5.,13.5));
#2367=CARTESIAN_POINT('',(7.05000000000002,-4.,12.5));
#2368=CARTESIAN_POINT('Origin',(7.05000000000002,-5.,12.5));
#2369=CARTESIAN_POINT('',(7.05000000000002,-4.,12.5));
#2370=CARTESIAN_POINT('Origin',(7.05000000000002,-4.,12.5));
#2371=CARTESIAN_POINT('',(5.68352883339218,-4.,10.4));
#2372=CARTESIAN_POINT('',(5.68352883339218,-4.,0.));
#2373=CARTESIAN_POINT('',(7.05000000000002,-4.,10.4));
#2374=CARTESIAN_POINT('',(7.05000000000002,-4.,6.25));
#2375=CARTESIAN_POINT('',(7.05000000000002,-4.,10.4));
#2376=CARTESIAN_POINT('Origin',(7.05000000000002,-1.6,10.4));
#2377=CARTESIAN_POINT('Ctrl Pts',(6.76332019055732,-1.6,8.));
#2378=CARTESIAN_POINT('Ctrl Pts',(6.68858581002582,-1.91590784048594,8.));
#2379=CARTESIAN_POINT('Ctrl Pts',(6.5852160449837,-2.24503840549452,8.06564883939371));
#2380=CARTESIAN_POINT('Ctrl Pts',(6.35058576084351,-2.84171219192605,8.32071635660028));
#2381=CARTESIAN_POINT('Ctrl Pts',(6.22013864512857,-3.10972104795227,8.50979303968903));
#2382=CARTESIAN_POINT('Ctrl Pts',(5.99644581895514,-3.52090840742588,8.93296520291209));
#2383=CARTESIAN_POINT('Ctrl Pts',(5.88609845668338,-3.69823091922398,9.19340186013955));
#2384=CARTESIAN_POINT('Ctrl Pts',(5.72852516209332,-3.93790149150537,9.77336895765517));
#2385=CARTESIAN_POINT('Ctrl Pts',(5.68352883339218,-4.,10.0936059089087));
#2386=CARTESIAN_POINT('Ctrl Pts',(5.68352883339218,-4.,10.4));
#2387=CARTESIAN_POINT('Origin',(7.05000000000002,-1.6,10.4));
#2388=CARTESIAN_POINT('Origin',(4.00000000000002,-9.8,15.9));
#2389=CARTESIAN_POINT('',(4.00000000000002,-8.22936814099357,15.9));
#2390=CARTESIAN_POINT('Origin',(2.13414683853378E-14,0.,20.2018985751718));
#2391=CARTESIAN_POINT('',(4.00000000000002,-4.9,15.9));
#2392=CARTESIAN_POINT('Origin',(4.05000000000002,8.,4.));
#2393=CARTESIAN_POINT('',(4.05000000000002,8.6,4.));
#2394=CARTESIAN_POINT('Origin',(4.05000000000002,8.,4.));
#2395=CARTESIAN_POINT('Origin',(4.05000000000002,8.,4.));
#2396=CARTESIAN_POINT('Origin',(4.05000000000002,-8.,4.));
#2397=CARTESIAN_POINT('Origin',(4.05000000000002,-8.,4.));
#2398=CARTESIAN_POINT('Origin',(2.13414683853378E-14,0.,0.));
#2399=CARTESIAN_POINT('Origin',(2.13414683853378E-14,0.,13.));
#2400=CARTESIAN_POINT('Origin',(3.52500000000002,3.57887903265623E-16,6.3));
#2401=CARTESIAN_POINT('',(7.05000000000002,-5.83266662856707,6.3));
#2402=CARTESIAN_POINT('Origin',(2.13414683853378E-14,0.,6.3));
#2403=CARTESIAN_POINT('',(7.05000000000002,-9.8,6.3));
#2404=CARTESIAN_POINT('Origin',(7.05000000000002,-8.,4.));
#2405=CARTESIAN_POINT('',(7.05000000000002,-7.4,4.));
#2406=CARTESIAN_POINT('Origin',(7.05000000000002,-8.,4.));
#2407=CARTESIAN_POINT('',(7.05000000000002,-7.4,4.));
#2408=CARTESIAN_POINT('Origin',(7.05000000000002,8.00000000000001,4.));
#2409=CARTESIAN_POINT('',(7.05000000000002,8.6,4.));
#2410=CARTESIAN_POINT('Origin',(7.05000000000002,8.00000000000001,4.));
#2411=CARTESIAN_POINT('',(7.05000000000002,8.6,4.));
#2412=CARTESIAN_POINT('Origin',(7.05000000000002,6.7,6.3));
#2413=CARTESIAN_POINT('',(6.23157283516772,6.7,6.3));
#2414=CARTESIAN_POINT('Origin',(2.13414683853378E-14,0.,10.1903225806452));
#2415=CARTESIAN_POINT('',(7.05000000000002,6.7,6.3));
#2416=CARTESIAN_POINT('',(5.28750000000002,6.7,6.3));
#2417=CARTESIAN_POINT('',(7.05000000000002,9.22704280155642,4.83268482490272));
#2418=CARTESIAN_POINT('Origin',(3.52500000000002,3.57887903265623E-16,6.3));
#2419=CARTESIAN_POINT('',(7.05000000000002,5.83266662856708,6.3));
#2420=CARTESIAN_POINT('Origin',(2.13414683853378E-14,0.,6.3));
#2421=CARTESIAN_POINT('',(7.05000000000002,-9.8,6.3));
#2422=CARTESIAN_POINT('Origin',(7.05000000000002,9.8,0.));
#2423=CARTESIAN_POINT('',(7.05000000000002,5.83266662856708,13.5));
#2424=CARTESIAN_POINT('',(7.05000000000002,5.83266662856708,0.));
#2425=CARTESIAN_POINT('',(7.05000000000002,0.433666685716463,13.5));
#2426=CARTESIAN_POINT('',(7.05000000000002,-5.83266662856708,13.5));
#2427=CARTESIAN_POINT('',(7.05000000000002,-0.433666685716462,13.5));
#2428=CARTESIAN_POINT('',(7.05000000000002,-5.83266662856707,0.));
#2429=CARTESIAN_POINT('',(7.05000000000002,-9.8,0.));
#2430=CARTESIAN_POINT('Ctrl Pts',(2.12314427461667E-14,-3.8163076635472,
13.));
#2431=CARTESIAN_POINT('Ctrl Pts',(3.81630766354721,-3.81630766354719,13.));
#2432=CARTESIAN_POINT('Ctrl Pts',(3.81630766354721,-7.22759096136239E-16,
13.));
#2433=CARTESIAN_POINT('Ctrl Pts',(3.81630766354721,3.81630766354719,13.));
#2434=CARTESIAN_POINT('Ctrl Pts',(2.04565148891889E-14,3.81630766354719,
13.));
#2435=CARTESIAN_POINT('Ctrl Pts',(2.12202188393472E-14,-3.70575832343919,
13.0397195127586));
#2436=CARTESIAN_POINT('Ctrl Pts',(3.70575832343921,-3.70575832343919,13.0397195127586));
#2437=CARTESIAN_POINT('Ctrl Pts',(3.70575832343921,-7.33983002955715E-16,
13.0397195127586));
#2438=CARTESIAN_POINT('Ctrl Pts',(3.70575832343921,3.70575832343919,13.0397195127586));
#2439=CARTESIAN_POINT('Ctrl Pts',(2.04677387960083E-14,3.70575832343919,
13.0397195127586));
#2440=CARTESIAN_POINT('Ctrl Pts',(2.11876641505635E-14,-3.38511245383677,
13.1528277821914));
#2441=CARTESIAN_POINT('Ctrl Pts',(3.38511245383679,-3.38511245383677,13.1528277821914));
#2442=CARTESIAN_POINT('Ctrl Pts',(3.38511245383679,-7.66537691739485E-16,
13.1528277821914));
#2443=CARTESIAN_POINT('Ctrl Pts',(3.38511245383679,3.38511245383677,13.1528277821914));
#2444=CARTESIAN_POINT('Ctrl Pts',(2.05002934847921E-14,3.38511245383677,
13.1528277821914));
#2445=CARTESIAN_POINT('Ctrl Pts',(2.11335674707289E-14,-2.85228976081768,
13.3300577407559));
#2446=CARTESIAN_POINT('Ctrl Pts',(2.8522897608177,-2.85228976081768,13.3300577407559));
#2447=CARTESIAN_POINT('Ctrl Pts',(2.8522897608177,-8.2063437157408E-16,
13.3300577407559));
#2448=CARTESIAN_POINT('Ctrl Pts',(2.8522897608177,2.85228976081768,13.3300577407559));
#2449=CARTESIAN_POINT('Ctrl Pts',(2.05543901646267E-14,2.85228976081768,
13.3300577407559));
#2450=CARTESIAN_POINT('Ctrl Pts',(2.10574237560038E-14,-2.10231583893678,
13.5492499470622));
#2451=CARTESIAN_POINT('Ctrl Pts',(2.1023158389368,-2.10231583893678,13.5492499470622));
#2452=CARTESIAN_POINT('Ctrl Pts',(2.1023158389368,-8.96778086299144E-16,
13.5492499470622));
#2453=CARTESIAN_POINT('Ctrl Pts',(2.1023158389368,2.10231583893678,13.5492499470622));
#2454=CARTESIAN_POINT('Ctrl Pts',(2.06305338793518E-14,2.10231583893678,
13.5492499470622));
#2455=CARTESIAN_POINT('Ctrl Pts',(2.09799515262287E-14,-1.33925677081667,
13.7101518643363));
#2456=CARTESIAN_POINT('Ctrl Pts',(1.33925677081669,-1.33925677081667,13.7101518643363));
#2457=CARTESIAN_POINT('Ctrl Pts',(1.33925677081669,-9.74250316074273E-16,
13.7101518643363));
#2458=CARTESIAN_POINT('Ctrl Pts',(1.33925677081669,1.33925677081667,13.7101518643363));
#2459=CARTESIAN_POINT('Ctrl Pts',(2.07080061091269E-14,1.33925677081667,
13.7101518643363));
#2460=CARTESIAN_POINT('Ctrl Pts',(2.09126165495987E-14,-0.676044098763043,
13.7836559555743));
#2461=CARTESIAN_POINT('Ctrl Pts',(0.676044098763062,-0.676044098763043,
13.7836559555743));
#2462=CARTESIAN_POINT('Ctrl Pts',(0.676044098763063,-1.04158529270419E-15,
13.7836559555743));
#2463=CARTESIAN_POINT('Ctrl Pts',(0.676044098763062,0.676044098763041,13.7836559555743));
#2464=CARTESIAN_POINT('Ctrl Pts',(2.07753410857568E-14,0.676044098763041,
13.7836559555743));
#2465=CARTESIAN_POINT('Ctrl Pts',(2.08669822293265E-14,-0.226571016571764,
13.8));
#2466=CARTESIAN_POINT('Ctrl Pts',(0.226571016571784,-0.226571016571764,
13.8));
#2467=CARTESIAN_POINT('Ctrl Pts',(0.226571016571784,-1.08721961297647E-15,
13.8));
#2468=CARTESIAN_POINT('Ctrl Pts',(0.226571016571784,0.226571016571762,13.8));
#2469=CARTESIAN_POINT('Ctrl Pts',(2.08209754060291E-14,0.226571016571762,
13.8));
#2470=CARTESIAN_POINT('Ctrl Pts',(2.08439788176778E-14,-1.11022302462516E-15,
13.8));
#2471=CARTESIAN_POINT('Ctrl Pts',(2.08439788176778E-14,-1.11022302462516E-15,
13.8));
#2472=CARTESIAN_POINT('Ctrl Pts',(2.08439788176778E-14,-1.11022302462516E-15,
13.8));
#2473=CARTESIAN_POINT('Ctrl Pts',(2.08439788176778E-14,-1.11022302462516E-15,
13.8));
#2474=CARTESIAN_POINT('Ctrl Pts',(2.08439788176778E-14,-1.11022302462516E-15,
13.8));
#2475=CARTESIAN_POINT('',(4.97489567660015E-16,-1.11022302462516E-15,13.8));
#2476=CARTESIAN_POINT('',(4.97489567660015E-16,-3.8163076635472,13.));
#2477=CARTESIAN_POINT('Ctrl Pts',(4.97489567660015E-16,-1.11022302462516E-15,
13.8));
#2478=CARTESIAN_POINT('Ctrl Pts',(4.97489567660015E-16,-0.226571016571764,
13.8));
#2479=CARTESIAN_POINT('Ctrl Pts',(4.97489567660015E-16,-0.676044098763043,
13.7836559555743));
#2480=CARTESIAN_POINT('Ctrl Pts',(4.97489567660015E-16,-1.33925677081667,
13.7101518643363));
#2481=CARTESIAN_POINT('Ctrl Pts',(4.97489567660015E-16,-2.10231583893678,
13.5492499470622));
#2482=CARTESIAN_POINT('Ctrl Pts',(4.97489567660015E-16,-2.85228976081768,
13.3300577407559));
#2483=CARTESIAN_POINT('Ctrl Pts',(4.97489567660015E-16,-3.38511245383677,
13.1528277821914));
#2484=CARTESIAN_POINT('Ctrl Pts',(4.97489567660015E-16,-3.70575832343919,
13.0397195127586));
#2485=CARTESIAN_POINT('Ctrl Pts',(4.97489567660015E-16,-3.8163076635472,
13.));
#2486=CARTESIAN_POINT('',(3.01266711875564E-17,3.81630766354719,13.));
#2487=CARTESIAN_POINT('Origin',(2.08439788176778E-14,-1.11022302462516E-15,
12.9999999999985));
#2488=CARTESIAN_POINT('Ctrl Pts',(3.01266711875565E-17,3.81630766354719,
13.));
#2489=CARTESIAN_POINT('Ctrl Pts',(4.36650607386685E-17,3.70575832343919,
13.0397195127586));
#2490=CARTESIAN_POINT('Ctrl Pts',(8.29328545255105E-17,3.38511245383677,
13.1528277821914));
#2491=CARTESIAN_POINT('Ctrl Pts',(1.48184815077401E-16,2.85228976081768,
13.3300577407559));
#2492=CARTESIAN_POINT('Ctrl Pts',(2.40030131364944E-16,2.10231583893678,
13.5492499470622));
#2493=CARTESIAN_POINT('Ctrl Pts',(3.3347791589831E-16,1.33925677081667,
13.7101518643363));
#2494=CARTESIAN_POINT('Ctrl Pts',(4.14698043496753E-16,0.676044098763041,
13.7836559555743));
#2495=CARTESIAN_POINT('Ctrl Pts',(4.69742620637598E-16,0.226571016571762,
13.8));
#2496=CARTESIAN_POINT('Ctrl Pts',(4.97489567660015E-16,-1.11022302462516E-15,
13.8));
#2497=CARTESIAN_POINT('Ctrl Pts',(2.12314427461671E-14,-3.81630766355133,
12.9999999999985));
#2498=CARTESIAN_POINT('Ctrl Pts',(3.81630766355134,-3.81630766355132,12.9999999999985));
#2499=CARTESIAN_POINT('Ctrl Pts',(3.81630766355134,-7.2275909613582E-16,
12.9999999999985));
#2500=CARTESIAN_POINT('Ctrl Pts',(3.81630766355134,3.81630766355132,12.9999999999985));
#2501=CARTESIAN_POINT('Ctrl Pts',(2.04565148891884E-14,3.81630766355132,
12.9999999999985));
#2502=CARTESIAN_POINT('Ctrl Pts',(2.12415053889471E-14,-3.9154191883491,
12.9643900047702));
#2503=CARTESIAN_POINT('Ctrl Pts',(3.91541918834911,-3.91541918834909,12.9643900047702));
#2504=CARTESIAN_POINT('Ctrl Pts',(3.91541918834911,-7.12696453355867E-16,
12.9643900047702));
#2505=CARTESIAN_POINT('Ctrl Pts',(3.91541918834911,3.91541918834909,12.9643900047702));
#2506=CARTESIAN_POINT('Ctrl Pts',(2.04464522464085E-14,3.91541918834909,
12.9643900047702));
#2507=CARTESIAN_POINT('Ctrl Pts',(2.12728163418928E-14,-4.22381494055734,
12.8517726977221));
#2508=CARTESIAN_POINT('Ctrl Pts',(4.22381494055736,-4.22381494055734,12.8517726977221));
#2509=CARTESIAN_POINT('Ctrl Pts',(4.22381494055736,-6.81385500410099E-16,
12.8517726977221));
#2510=CARTESIAN_POINT('Ctrl Pts',(4.22381494055736,4.22381494055734,12.8517726977221));
#2511=CARTESIAN_POINT('Ctrl Pts',(2.04151412934627E-14,4.22381494055734,
12.8517726977221));
#2512=CARTESIAN_POINT('Ctrl Pts',(2.13040154537032E-14,-4.53110911878494,
12.7342482184843));
#2513=CARTESIAN_POINT('Ctrl Pts',(4.53110911878496,-4.53110911878494,12.7342482184843));
#2514=CARTESIAN_POINT('Ctrl Pts',(4.53110911878496,-6.50186388599714E-16,
12.7342482184843));
#2515=CARTESIAN_POINT('Ctrl Pts',(4.53110911878496,4.53110911878493,12.7342482184843));
#2516=CARTESIAN_POINT('Ctrl Pts',(2.03839421816523E-14,4.53110911878493,
12.7342482184843));
#2517=CARTESIAN_POINT('Ctrl Pts',(2.13351207991386E-14,-4.83747974953075,
12.6126096201785));
#2518=CARTESIAN_POINT('Ctrl Pts',(4.83747974953077,-4.83747974953075,12.6126096201785));
#2519=CARTESIAN_POINT('Ctrl Pts',(4.83747974953077,-6.19081043164314E-16,
12.6126096201785));
#2520=CARTESIAN_POINT('Ctrl Pts',(4.83747974953076,4.83747974953074,12.6126096201785));
#2521=CARTESIAN_POINT('Ctrl Pts',(2.03528368362169E-14,4.83747974953075,
12.6126096201785));
#2522=CARTESIAN_POINT('Ctrl Pts',(2.13661369427627E-14,-5.14297179124862,
12.4870571788446));
#2523=CARTESIAN_POINT('Ctrl Pts',(5.14297179124864,-5.14297179124862,12.4870571788446));
#2524=CARTESIAN_POINT('Ctrl Pts',(5.14297179124864,-5.88064899540273E-16,
12.4870571788446));
#2525=CARTESIAN_POINT('Ctrl Pts',(5.14297179124864,5.14297179124861,12.4870571788446));
#2526=CARTESIAN_POINT('Ctrl Pts',(2.03218206925929E-14,5.14297179124862,
12.4870571788446));
#2527=CARTESIAN_POINT('Ctrl Pts',(2.1387156202776E-14,-5.35,12.4));
#2528=CARTESIAN_POINT('Ctrl Pts',(5.35000000000002,-5.35,12.4));
#2529=CARTESIAN_POINT('Ctrl Pts',(5.35000000000002,-5.67045639526977E-16,
12.4));
#2530=CARTESIAN_POINT('Ctrl Pts',(5.35000000000002,5.35,12.4));
#2531=CARTESIAN_POINT('Ctrl Pts',(2.03008014325796E-14,5.35,12.4));
#2532=CARTESIAN_POINT('',(4.97489567660015E-16,-5.35,12.4));
#2533=CARTESIAN_POINT('Ctrl Pts',(4.97489567660015E-16,-3.81630766355133,
12.9999999999985));
#2534=CARTESIAN_POINT('Ctrl Pts',(4.97489567660015E-16,-3.9154191883491,
12.9643900047702));
#2535=CARTESIAN_POINT('Ctrl Pts',(4.97489567660015E-16,-4.22381494055734,
12.8517726977221));
#2536=CARTESIAN_POINT('Ctrl Pts',(4.97489567660015E-16,-4.53110911878494,
12.7342482184843));
#2537=CARTESIAN_POINT('Ctrl Pts',(4.97489567660015E-16,-4.83747974953075,
12.6126096201785));
#2538=CARTESIAN_POINT('Ctrl Pts',(4.97489567660015E-16,-5.14297179124862,
12.4870571788446));
#2539=CARTESIAN_POINT('Ctrl Pts',(4.97489567660015E-16,-5.35,12.4));
#2540=CARTESIAN_POINT('',(-1.57696469883819E-16,5.35,12.4));
#2541=CARTESIAN_POINT('Origin',(2.02312453607126E-14,-1.43781604339707E-15,
12.4));
#2542=CARTESIAN_POINT('Ctrl Pts',(-1.57696469883819E-16,5.35,12.4));
#2543=CARTESIAN_POINT('Ctrl Pts',(-1.3234282656576E-16,5.14297179124862,
12.4870571788446));
#2544=CARTESIAN_POINT('Ctrl Pts',(-9.49308414602818E-17,4.83747974953075,
12.6126096201785));
#2545=CARTESIAN_POINT('Ctrl Pts',(-5.74112602307206E-17,4.53110911878493,
12.7342482184843));
#2546=CARTESIAN_POINT('Ctrl Pts',(-1.97785770544161E-17,4.22381494055734,
12.8517726977221));
#2547=CARTESIAN_POINT('Ctrl Pts',(1.79890100268303E-17,3.91541918834909,
12.9643900047702));
#2548=CARTESIAN_POINT('Ctrl Pts',(3.01266711870506E-17,3.81630766355132,
12.9999999999985));
#2549=CARTESIAN_POINT('Origin',(-1.7375,9.,0.8));
#2550=CARTESIAN_POINT('',(-7.05,9.,0.));
#2551=CARTESIAN_POINT('',(-7.05,9.8,0.8));
#2552=CARTESIAN_POINT('Origin',(-7.05,9.,0.8));
#2553=CARTESIAN_POINT('',(-4.15,9.8,0.8));
#2554=CARTESIAN_POINT('',(-1.7375,9.8,0.8));
#2555=CARTESIAN_POINT('',(-3.44230769230769,9.,0.));
#2556=CARTESIAN_POINT('Origin',(-3.44230769230769,9.,0.8));
#2557=CARTESIAN_POINT('',(-1.7375,9.,0.));
#2558=CARTESIAN_POINT('Origin',(-4.15,9.8,0.));
#2559=CARTESIAN_POINT('',(-4.15,9.8,4.0394349249582));
#2560=CARTESIAN_POINT('',(-4.15,9.8,0.));
#2561=CARTESIAN_POINT('',(-3.79766513538122,9.4017084139092,4.73126608224627));
#2562=CARTESIAN_POINT('Origin',(-3.44230769230769,9.,4.0394349249582));
#2563=CARTESIAN_POINT('',(-3.0971940956421,8.60987158637803,5.19104230468373));
#2564=CARTESIAN_POINT('',(-4.36557828484368,10.0436971915624,4.35849840489924));
#2565=CARTESIAN_POINT('',(-3.09719409564209,8.60987158637803,5.46087158637803));
#2566=CARTESIAN_POINT('',(-3.09719409564209,8.60987158637803,0.));
#2567=CARTESIAN_POINT('',(-2.99999999999999,8.50000000000001,5.351));
#2568=CARTESIAN_POINT('',(-1.97661921850079,7.34313476874004,4.19413476874004));
#2569=CARTESIAN_POINT('',(-3.,8.5,0.));
#2570=CARTESIAN_POINT('',(-2.99999999999999,8.50000000000001,0.));
#2571=CARTESIAN_POINT('',(-1.58110995850622,6.89603734439834,0.));
#2572=CARTESIAN_POINT('Origin',(0.,9.8,0.));
#2573=CARTESIAN_POINT('',(-7.05,9.8,4.0394349249582));
#2574=CARTESIAN_POINT('',(-7.05,9.8,0.));
#2575=CARTESIAN_POINT('',(-3.525,9.8,4.0394349249582));
#2576=CARTESIAN_POINT('Origin',(-3.525,9.,4.0394349249582));
#2577=CARTESIAN_POINT('',(-7.05,9.4017084139092,4.73126608224627));
#2578=CARTESIAN_POINT('Origin',(-7.05,9.,4.0394349249582));
#2579=CARTESIAN_POINT('',(-3.525,9.4017084139092,4.73126608224627));
#2580=CARTESIAN_POINT('Origin',(-5.2625,-9.,0.8));
#2581=CARTESIAN_POINT('',(-7.05,-9.8,0.8));
#2582=CARTESIAN_POINT('',(-7.05,-9.,0.));
#2583=CARTESIAN_POINT('Origin',(-7.05,-9.,0.8));
#2584=CARTESIAN_POINT('',(-3.44230769230768,-9.,0.));
#2585=CARTESIAN_POINT('',(-5.2625,-9.,0.));
#2586=CARTESIAN_POINT('',(-4.14999999999998,-9.8,0.8));
#2587=CARTESIAN_POINT('Origin',(-3.44230769230768,-9.,0.8));
#2588=CARTESIAN_POINT('',(-5.2625,-9.8,0.8));
#2589=CARTESIAN_POINT('Origin',(-7.05,-9.8,0.));
#2590=CARTESIAN_POINT('',(-4.14999999999998,-9.8,4.03943492495821));
#2591=CARTESIAN_POINT('',(-4.14999999999998,-9.8,0.));
#2592=CARTESIAN_POINT('',(-7.05,-9.8,4.03943492495821));
#2593=CARTESIAN_POINT('',(-7.05,-9.8,4.03943492495821));
#2594=CARTESIAN_POINT('',(-7.05,-9.8,0.));
#2595=CARTESIAN_POINT('Origin',(-2.99999999999999,-8.50000000000001,0.));
#2596=CARTESIAN_POINT('',(-2.99999999999999,-8.50000000000001,0.));
#2597=CARTESIAN_POINT('',(-1.00610995850621,-6.24603734439835,0.));
#2598=CARTESIAN_POINT('',(-2.99999999999999,-8.50000000000001,5.351));
#2599=CARTESIAN_POINT('',(-2.99999999999999,-8.50000000000001,0.));
#2600=CARTESIAN_POINT('',(-3.09719409564209,-8.60987158637803,5.46087158637803));
#2601=CARTESIAN_POINT('',(-1.97661921850079,-7.34313476874004,4.19413476874004));
#2602=CARTESIAN_POINT('',(-3.09719409564209,-8.60987158637803,5.19104230468373));
#2603=CARTESIAN_POINT('',(-3.09719409564209,-8.60987158637803,0.));
#2604=CARTESIAN_POINT('',(-3.7976651353812,-9.4017084139092,4.73126608224628));
#2605=CARTESIAN_POINT('',(-4.74698900676746,-10.474857138085,4.10814746820874));
#2606=CARTESIAN_POINT('Origin',(-3.44230769230768,-9.,4.03943492495821));
#2607=CARTESIAN_POINT('Origin',(-7.05,-9.,4.03943492495821));
#2608=CARTESIAN_POINT('',(-7.05,-9.4017084139092,4.73126608224628));
#2609=CARTESIAN_POINT('Origin',(-7.05,-9.,4.03943492495821));
#2610=CARTESIAN_POINT('',(-7.05,-9.4017084139092,4.73126608224628));
#2611=CARTESIAN_POINT('Origin',(-7.05,-9.8,4.50000000000001));
#2612=CARTESIAN_POINT('',(-6.23157283516769,-6.70000000000001,6.3));
#2613=CARTESIAN_POINT('Origin',(0.,0.,10.1903225806452));
#2614=CARTESIAN_POINT('',(-7.05,-6.69999999999999,6.30000000000001));
#2615=CARTESIAN_POINT('',(-5.2875,-6.70000000000001,6.3));
#2616=CARTESIAN_POINT('',(-7.05,-3.44801556420232,8.18824902723736));
#2617=CARTESIAN_POINT('Origin',(0.,0.,0.));
#2618=CARTESIAN_POINT('',(-5.58683757038252,-4.13397459621637,13.));
#2619=CARTESIAN_POINT('Origin',(0.,0.,13.));
#2620=CARTESIAN_POINT('',(-4.82726630713492,-5.,13.5));
#2621=CARTESIAN_POINT('Ctrl Pts',(-5.58683757038291,-4.13397459621584,13.0000000000005));
#2622=CARTESIAN_POINT('Ctrl Pts',(-5.55983117189443,-4.17047224713376,13.0632157857471));
#2623=CARTESIAN_POINT('Ctrl Pts',(-5.52796219914219,-4.2127452039905,13.1201149401774));
#2624=CARTESIAN_POINT('Ctrl Pts',(-5.41491333010255,-4.35865303629862,13.282250110128));
#2625=CARTESIAN_POINT('Ctrl Pts',(-5.31200790883253,-4.48503930286203,13.3688053190556));
#2626=CARTESIAN_POINT('Ctrl Pts',(-5.08001976609284,-4.74619901079806,13.4775439083703));
#2627=CARTESIAN_POINT('Ctrl Pts',(-4.95079836519806,-4.88073557165215,13.5));
#2628=CARTESIAN_POINT('Ctrl Pts',(-4.82726630713492,-5.,13.5));
#2629=CARTESIAN_POINT('Origin',(0.,0.,13.5));
#2630=CARTESIAN_POINT('Origin',(0.,0.,0.));
#2631=CARTESIAN_POINT('',(1.34861909306743E-15,6.95000000000002,13.));
#2632=CARTESIAN_POINT('Origin',(0.,0.,13.));
#2633=CARTESIAN_POINT('',(-4.82726630713492,5.,13.5));
#2634=CARTESIAN_POINT('Origin',(2.13414683853378E-14,0.,13.5));
#2635=CARTESIAN_POINT('',(-5.58683757038252,4.13397459621637,13.));
#2636=CARTESIAN_POINT('Ctrl Pts',(-5.58683757038291,4.13397459621584,13.0000000000005));
#2637=CARTESIAN_POINT('Ctrl Pts',(-5.55983117189443,4.17047224713376,13.0632157857471));
#2638=CARTESIAN_POINT('Ctrl Pts',(-5.52796219914219,4.2127452039905,13.1201149401774));
#2639=CARTESIAN_POINT('Ctrl Pts',(-5.41491333010255,4.35865303629862,13.282250110128));
#2640=CARTESIAN_POINT('Ctrl Pts',(-5.31200790883253,4.48503930286203,13.3688053190556));
#2641=CARTESIAN_POINT('Ctrl Pts',(-5.08001976609284,4.74619901079806,13.4775439083703));
#2642=CARTESIAN_POINT('Ctrl Pts',(-4.95079836519806,4.88073557165215,13.5));
#2643=CARTESIAN_POINT('Ctrl Pts',(-4.82726630713492,5.,13.5));
#2644=CARTESIAN_POINT('Origin',(0.,0.,13.));
#2645=CARTESIAN_POINT('Origin',(0.,0.,0.));
#2646=CARTESIAN_POINT('',(-4.05,8.20487659870641,4.56393756684805));
#2647=CARTESIAN_POINT('',(-4.05,8.20487659870641,3.43606243315195));
#2648=CARTESIAN_POINT('Ctrl Pts',(-4.05,8.20487659870641,4.56393756684805));
#2649=CARTESIAN_POINT('Ctrl Pts',(-4.18478082671179,8.13834758494052,4.58810733112147));
#2650=CARTESIAN_POINT('Ctrl Pts',(-4.31788884501735,8.0683433003293,4.6));
#2651=CARTESIAN_POINT('Ctrl Pts',(-4.57134893236786,7.92764120156497,4.6));
#2652=CARTESIAN_POINT('Ctrl Pts',(-4.71183406450558,7.84508723095141,4.58657289236624));
#2653=CARTESIAN_POINT('Ctrl Pts',(-4.97618816381958,7.68012533775365,4.51550555088742));
#2654=CARTESIAN_POINT('Ctrl Pts',(-5.10025869498348,7.59766367488628,4.45874269179119));
#2655=CARTESIAN_POINT('Ctrl Pts',(-5.24849510205569,7.49528536407026,4.32895730103494));
#2656=CARTESIAN_POINT('Ctrl Pts',(-5.29577601585968,7.46183215757522,4.27392652664886));
#2657=CARTESIAN_POINT('Ctrl Pts',(-5.34579344915617,7.42599575929027,4.17800078419121));
#2658=CARTESIAN_POINT('Ctrl Pts',(-5.35910109490817,7.41637738396802,4.1438114102164));
#2659=CARTESIAN_POINT('Ctrl Pts',(-5.37704269900178,7.40338025969408,4.07304796165663));
#2660=CARTESIAN_POINT('Ctrl Pts',(-5.38168189323746,7.4,4.03647549219007));
#2661=CARTESIAN_POINT('Ctrl Pts',(-5.38168189323746,7.4,4.));
#2662=CARTESIAN_POINT('Ctrl Pts',(-5.38168189323746,7.4,3.96352450780993));
#2663=CARTESIAN_POINT('Ctrl Pts',(-5.37704269900178,7.40338025969408,3.92695203834337));
#2664=CARTESIAN_POINT('Ctrl Pts',(-5.35910109490817,7.41637738396802,3.8561885897836));
#2665=CARTESIAN_POINT('Ctrl Pts',(-5.34579344915617,7.42599575929027,3.82199921580879));
#2666=CARTESIAN_POINT('Ctrl Pts',(-5.29577601585968,7.46183215757522,3.72607347335114));
#2667=CARTESIAN_POINT('Ctrl Pts',(-5.24849510205569,7.49528536407026,3.67104269896506));
#2668=CARTESIAN_POINT('Ctrl Pts',(-5.10025869498348,7.59766367488628,3.54125730820881));
#2669=CARTESIAN_POINT('Ctrl Pts',(-4.97618816381958,7.68012533775365,3.48449444911258));
#2670=CARTESIAN_POINT('Ctrl Pts',(-4.71183406450558,7.84508723095141,3.41342710763376));
#2671=CARTESIAN_POINT('Ctrl Pts',(-4.57134893236786,7.92764120156497,3.4));
#2672=CARTESIAN_POINT('Ctrl Pts',(-4.31788884501735,8.0683433003293,3.4));
#2673=CARTESIAN_POINT('Ctrl Pts',(-4.18478082671178,8.13834758494052,3.41189266887853));
#2674=CARTESIAN_POINT('Ctrl Pts',(-4.05,8.20487659870641,3.43606243315195));
#2675=CARTESIAN_POINT('',(-4.05,8.20487659870641,0.));
#2676=CARTESIAN_POINT('Origin',(0.,0.,0.));
#2677=CARTESIAN_POINT('',(-6.2315728351677,6.7,6.3));
#2678=CARTESIAN_POINT('Origin',(0.,0.,10.1903225806452));
#2679=CARTESIAN_POINT('',(-7.05,5.83266662856708,6.3));
#2680=CARTESIAN_POINT('Origin',(0.,0.,6.3));
#2681=CARTESIAN_POINT('',(-7.05,5.83266662856708,13.5));
#2682=CARTESIAN_POINT('',(-7.05,5.83266662856708,0.));
#2683=CARTESIAN_POINT('',(-6.2315728351677,6.7,13.5));
#2684=CARTESIAN_POINT('Origin',(0.,0.,13.5));
#2685=CARTESIAN_POINT('',(-4.,8.22936814099357,15.9));
#2686=CARTESIAN_POINT('Origin',(0.,0.,20.2018985751718));
#2687=CARTESIAN_POINT('Origin',(2.13414683853378E-14,0.,15.9));
#2688=CARTESIAN_POINT('Origin',(2.13414683853378E-14,0.,13.5));
#2689=CARTESIAN_POINT('',(0.135273796427801,9.149,6.));
#2690=CARTESIAN_POINT('Origin',(2.13414683853378E-14,0.,-3.14899999999999));
#2691=CARTESIAN_POINT('',(-0.135273796427781,9.149,6.));
#2692=CARTESIAN_POINT('Origin',(0.,0.,6.));
#2693=CARTESIAN_POINT('Origin',(0.,0.,-3.14899999999999));
#2694=CARTESIAN_POINT('Origin',(0.,0.,0.));
#2695=CARTESIAN_POINT('',(-4.05,-8.20487659870641,3.43606243315195));
#2696=CARTESIAN_POINT('',(-5.38168189323747,-7.4,4.));
#2697=CARTESIAN_POINT('Ctrl Pts',(-4.05,-8.20487659870641,3.43606243315195));
#2698=CARTESIAN_POINT('Ctrl Pts',(-4.18478082671179,-8.13834758494052,3.41189266887853));
#2699=CARTESIAN_POINT('Ctrl Pts',(-4.31788884501735,-8.0683433003293,3.4));
#2700=CARTESIAN_POINT('Ctrl Pts',(-4.57134893236786,-7.92764120156497,3.4));
#2701=CARTESIAN_POINT('Ctrl Pts',(-4.71183406450559,-7.84508723095141,3.41342710763376));
#2702=CARTESIAN_POINT('Ctrl Pts',(-4.97618816381959,-7.68012533775364,3.48449444911258));
#2703=CARTESIAN_POINT('Ctrl Pts',(-5.10025869498348,-7.59766367488628,3.54125730820881));
#2704=CARTESIAN_POINT('Ctrl Pts',(-5.2484951020557,-7.49528536407026,3.67104269896506));
#2705=CARTESIAN_POINT('Ctrl Pts',(-5.29577601585968,-7.46183215757522,3.72607347335115));
#2706=CARTESIAN_POINT('Ctrl Pts',(-5.34579344915617,-7.42599575929027,3.82199921580879));
#2707=CARTESIAN_POINT('Ctrl Pts',(-5.35910109490817,-7.41637738396802,3.8561885897836));
#2708=CARTESIAN_POINT('Ctrl Pts',(-5.37704269900178,-7.40338025969408,3.92695203834337));
#2709=CARTESIAN_POINT('Ctrl Pts',(-5.38168189323747,-7.4,3.96352450780993));
#2710=CARTESIAN_POINT('Ctrl Pts',(-5.38168189323747,-7.4,4.));
#2711=CARTESIAN_POINT('',(-4.05,-8.20487659870641,4.56393756684805));
#2712=CARTESIAN_POINT('',(-4.05,-8.20487659870641,0.));
#2713=CARTESIAN_POINT('Ctrl Pts',(-5.38168189323747,-7.4,4.));
#2714=CARTESIAN_POINT('Ctrl Pts',(-5.38168189323747,-7.4,4.03647549219007));
#2715=CARTESIAN_POINT('Ctrl Pts',(-5.37704269900178,-7.40338025969408,4.07304796165663));
#2716=CARTESIAN_POINT('Ctrl Pts',(-5.35910109490817,-7.41637738396802,4.1438114102164));
#2717=CARTESIAN_POINT('Ctrl Pts',(-5.34579344915617,-7.42599575929027,4.17800078419121));
#2718=CARTESIAN_POINT('Ctrl Pts',(-5.29577601585968,-7.46183215757522,4.27392652664885));
#2719=CARTESIAN_POINT('Ctrl Pts',(-5.2484951020557,-7.49528536407026,4.32895730103494));
#2720=CARTESIAN_POINT('Ctrl Pts',(-5.10025869498348,-7.59766367488628,4.45874269179119));
#2721=CARTESIAN_POINT('Ctrl Pts',(-4.97618816381959,-7.68012533775364,4.51550555088742));
#2722=CARTESIAN_POINT('Ctrl Pts',(-4.71183406450559,-7.84508723095141,4.58657289236624));
#2723=CARTESIAN_POINT('Ctrl Pts',(-4.57134893236786,-7.92764120156497,4.6));
#2724=CARTESIAN_POINT('Ctrl Pts',(-4.31788884501735,-8.0683433003293,4.6));
#2725=CARTESIAN_POINT('Ctrl Pts',(-4.18478082671179,-8.13834758494052,4.58810733112147));
#2726=CARTESIAN_POINT('Ctrl Pts',(-4.05,-8.20487659870641,4.56393756684805));
#2727=CARTESIAN_POINT('Origin',(0.,0.,0.));
#2728=CARTESIAN_POINT('',(-7.05,-5.83266662856708,6.3));
#2729=CARTESIAN_POINT('Origin',(0.,0.,6.3));
#2730=CARTESIAN_POINT('',(-0.135273796427781,-9.149,6.));
#2731=CARTESIAN_POINT('Origin',(0.,0.,-3.14899999999999));
#2732=CARTESIAN_POINT('',(0.135273796427803,-9.149,6.));
#2733=CARTESIAN_POINT('Origin',(2.13414683853378E-14,0.,6.));
#2734=CARTESIAN_POINT('Origin',(2.13414683853378E-14,0.,-3.14899999999999));
#2735=CARTESIAN_POINT('Origin',(2.13414683853378E-14,0.,13.5));
#2736=CARTESIAN_POINT('',(-4.,-8.22936814099357,15.9));
#2737=CARTESIAN_POINT('Origin',(0.,0.,15.9));
#2738=CARTESIAN_POINT('',(-6.2315728351677,-6.7,13.5));
#2739=CARTESIAN_POINT('Origin',(0.,0.,20.2018985751718));
#2740=CARTESIAN_POINT('',(-7.05,-5.83266662856708,13.5));
#2741=CARTESIAN_POINT('Origin',(0.,0.,13.5));
#2742=CARTESIAN_POINT('',(-7.05,-5.83266662856708,0.));
#2743=CARTESIAN_POINT('Origin',(-3.525,0.,15.9));
#2744=CARTESIAN_POINT('',(-4.,7.3,15.9));
#2745=CARTESIAN_POINT('',(-4.,4.9,15.9));
#2746=CARTESIAN_POINT('',(-2.87129099622345,7.3,15.9));
#2747=CARTESIAN_POINT('',(-5.2875,7.3,15.9));
#2748=CARTESIAN_POINT('Origin',(9.03670353574857E-16,1.11022302462516E-15,
15.9));
#2749=CARTESIAN_POINT('Origin',(-7.05,7.3,15.9));
#2750=CARTESIAN_POINT('',(-4.53339985466612,7.15658549532594,15.3263419813038));
#2751=CARTESIAN_POINT('',(-3.08990671859018,6.7,13.5));
#2752=CARTESIAN_POINT('',(-7.05,6.7,13.5));
#2753=CARTESIAN_POINT('Origin',(1.11022302462516E-15,4.25939038526655,3.7375615410662));
#2754=CARTESIAN_POINT('Origin',(-7.05,5.,12.5));
#2755=CARTESIAN_POINT('',(-5.68352883339216,4.,12.5));
#2756=CARTESIAN_POINT('Ctrl Pts',(-5.58683757038292,4.13397459621584,13.0000000000005));
#2757=CARTESIAN_POINT('Ctrl Pts',(-5.58726067866355,4.13340278882236,12.9990096005428));
#2758=CARTESIAN_POINT('Ctrl Pts',(-5.58768219651588,4.13283294721107,12.9980186823184));
#2759=CARTESIAN_POINT('Ctrl Pts',(-5.61716327810071,4.09296539479329,12.9284159264538));
#2760=CARTESIAN_POINT('Ctrl Pts',(-5.64238175383025,4.05793600158003,12.8470723551409));
#2761=CARTESIAN_POINT('Ctrl Pts',(-5.67555692033633,4.01140499801869,12.6749964374234));
#2762=CARTESIAN_POINT('Ctrl Pts',(-5.68352883339215,4.,12.5842409155429));
#2763=CARTESIAN_POINT('Ctrl Pts',(-5.68352883339215,4.,12.5));
#2764=CARTESIAN_POINT('',(-7.05,5.,13.5));
#2765=CARTESIAN_POINT('',(-7.05,5.,13.5));
#2766=CARTESIAN_POINT('',(-7.05,4.,12.5));
#2767=CARTESIAN_POINT('Origin',(-7.05,5.,12.5));
#2768=CARTESIAN_POINT('',(-7.05,4.,12.5));
#2769=CARTESIAN_POINT('Origin',(-7.05,4.,12.5));
#2770=CARTESIAN_POINT('',(-5.68352883339216,4.,10.4));
#2771=CARTESIAN_POINT('',(-5.68352883339216,4.,0.));
#2772=CARTESIAN_POINT('',(-7.05,4.,10.4));
#2773=CARTESIAN_POINT('',(-7.05,4.,6.25));
#2774=CARTESIAN_POINT('',(-7.05,4.,10.4));
#2775=CARTESIAN_POINT('Origin',(-7.05,1.6,10.4));
#2776=CARTESIAN_POINT('',(-6.7633201905573,1.6,8.));
#2777=CARTESIAN_POINT('Ctrl Pts',(-5.68352883339216,4.,10.4));
#2778=CARTESIAN_POINT('Ctrl Pts',(-5.68352883339216,4.,10.0936059089087));
#2779=CARTESIAN_POINT('Ctrl Pts',(-5.7285251620933,3.93790149150537,9.77336895765517));
#2780=CARTESIAN_POINT('Ctrl Pts',(-5.88609845668335,3.69823091922398,9.19340186013955));
#2781=CARTESIAN_POINT('Ctrl Pts',(-5.99644581895512,3.52090840742588,8.93296520291209));
#2782=CARTESIAN_POINT('Ctrl Pts',(-6.22013864512855,3.10972104795227,8.50979303968903));
#2783=CARTESIAN_POINT('Ctrl Pts',(-6.35058576084349,2.84171219192605,8.32071635660028));
#2784=CARTESIAN_POINT('Ctrl Pts',(-6.58521604498368,2.24503840549452,8.06564883939371));
#2785=CARTESIAN_POINT('Ctrl Pts',(-6.68858581002579,1.91590784048594,8.));
#2786=CARTESIAN_POINT('Ctrl Pts',(-6.7633201905573,1.6,8.));
#2787=CARTESIAN_POINT('',(-7.05,1.6,8.));
#2788=CARTESIAN_POINT('Origin',(-7.05,1.6,10.4));
#2789=CARTESIAN_POINT('',(-7.05,1.6,8.));
#2790=CARTESIAN_POINT('Origin',(9.03670353574857E-16,1.11022302462516E-15,
14.7));
#2791=CARTESIAN_POINT('Origin',(2.22044604925031E-15,2.10413187280339E-15,
13.5));
#2792=CARTESIAN_POINT('Origin',(-7.05,6.7,13.5));
#2793=CARTESIAN_POINT('',(-7.05,0.433666685716462,13.5));
#2794=CARTESIAN_POINT('Origin',(-4.,9.8,15.9));
#2795=CARTESIAN_POINT('Origin',(-2.07499999999999,9.15000000000001,6.));
#2796=CARTESIAN_POINT('',(-1.03749999999999,9.149,6.));
#2797=CARTESIAN_POINT('Origin',(-1.03749999999999,8.8245,5.6755));
#2798=CARTESIAN_POINT('',(1.03750000000001,8.5,5.351));
#2799=CARTESIAN_POINT('Origin',(-3.525,0.,15.9));
#2800=CARTESIAN_POINT('',(-4.,-7.3,15.9));
#2801=CARTESIAN_POINT('',(-4.,-4.9,15.9));
#2802=CARTESIAN_POINT('',(-2.87129099622345,-7.3,15.9));
#2803=CARTESIAN_POINT('Origin',(9.03670353574857E-16,-1.11022302462516E-15,
15.9));
#2804=CARTESIAN_POINT('',(-5.2875,-7.3,15.9));
#2805=CARTESIAN_POINT('Origin',(-7.05,-1.6,8.));
#2806=CARTESIAN_POINT('',(-7.05,-1.6,8.));
#2807=CARTESIAN_POINT('',(-7.05,-2.11633331428354,8.));
#2808=CARTESIAN_POINT('',(-6.7633201905573,-1.6,8.));
#2809=CARTESIAN_POINT('',(-7.05,-1.6,8.));
#2810=CARTESIAN_POINT('Origin',(0.,0.,8.));
#2811=CARTESIAN_POINT('Origin',(-7.05,-7.3,15.9));
#2812=CARTESIAN_POINT('',(-4.53339985466612,-7.15658549532594,15.3263419813038));
#2813=CARTESIAN_POINT('',(-3.08990671859018,-6.7,13.5));
#2814=CARTESIAN_POINT('Origin',(1.11022302462516E-15,-4.25939038526655,
3.7375615410662));
#2815=CARTESIAN_POINT('',(-7.05,-6.7,13.5));
#2816=CARTESIAN_POINT('Origin',(-7.05,-5.,12.5));
#2817=CARTESIAN_POINT('',(-5.68352883339216,-4.,12.5));
#2818=CARTESIAN_POINT('Ctrl Pts',(-5.68352883339216,-4.,12.5));
#2819=CARTESIAN_POINT('Ctrl Pts',(-5.68352883339216,-4.,12.6226689786378));
#2820=CARTESIAN_POINT('Ctrl Pts',(-5.66677101099862,-4.02410596348213,12.7515502873819));
#2821=CARTESIAN_POINT('Ctrl Pts',(-5.62032707452469,-4.08838985234783,12.9140449076357));
#2822=CARTESIAN_POINT('Ctrl Pts',(-5.6046193727547,-4.10994347574144,12.9583768783761));
#2823=CARTESIAN_POINT('Ctrl Pts',(-5.58683757038292,-4.13397459621584,13.0000000000005));
#2824=CARTESIAN_POINT('',(-7.05,-4.,12.5));
#2825=CARTESIAN_POINT('',(-7.05,-4.,12.5));
#2826=CARTESIAN_POINT('',(-7.05,-5.,13.5));
#2827=CARTESIAN_POINT('Origin',(-7.05,-5.,12.5));
#2828=CARTESIAN_POINT('',(-7.05,-5.,13.5));
#2829=CARTESIAN_POINT('Origin',(-7.05,-4.,12.5));
#2830=CARTESIAN_POINT('',(-5.68352883339216,-4.,10.4));
#2831=CARTESIAN_POINT('',(-5.68352883339216,-4.,0.));
#2832=CARTESIAN_POINT('',(-7.05,-4.,10.4));
#2833=CARTESIAN_POINT('',(-7.05,-4.,10.4));
#2834=CARTESIAN_POINT('',(-7.05,-4.,6.25));
#2835=CARTESIAN_POINT('Origin',(-7.05,-1.6,10.4));
#2836=CARTESIAN_POINT('Ctrl Pts',(-6.7633201905573,-1.6,8.));
#2837=CARTESIAN_POINT('Ctrl Pts',(-6.68858581002579,-1.91590784048594,8.));
#2838=CARTESIAN_POINT('Ctrl Pts',(-6.58521604498368,-2.24503840549452,8.06564883939371));
#2839=CARTESIAN_POINT('Ctrl Pts',(-6.35058576084349,-2.84171219192605,8.32071635660028));
#2840=CARTESIAN_POINT('Ctrl Pts',(-6.22013864512855,-3.10972104795227,8.50979303968903));
#2841=CARTESIAN_POINT('Ctrl Pts',(-5.99644581895512,-3.52090840742588,8.93296520291209));
#2842=CARTESIAN_POINT('Ctrl Pts',(-5.88609845668335,-3.69823091922398,9.19340186013955));
#2843=CARTESIAN_POINT('Ctrl Pts',(-5.7285251620933,-3.93790149150537,9.77336895765517));
#2844=CARTESIAN_POINT('Ctrl Pts',(-5.68352883339215,-4.,10.0936059089087));
#2845=CARTESIAN_POINT('Ctrl Pts',(-5.68352883339215,-4.,10.4));
#2846=CARTESIAN_POINT('Origin',(-7.05,-1.6,10.4));
#2847=CARTESIAN_POINT('Origin',(9.03670353574857E-16,-1.11022302462516E-15,
14.7));
#2848=CARTESIAN_POINT('Origin',(2.22044604925031E-15,-2.10413187280339E-15,
13.5));
#2849=CARTESIAN_POINT('Origin',(-7.05,-6.7,13.5));
#2850=CARTESIAN_POINT('',(-7.05,-0.433666685716462,13.5));
#2851=CARTESIAN_POINT('Origin',(-4.,-9.8,15.9));
#2852=CARTESIAN_POINT('Origin',(-2.07499999999999,-9.15000000000001,6.));
#2853=CARTESIAN_POINT('',(-1.03749999999999,-9.149,6.));
#2854=CARTESIAN_POINT('Origin',(-1.03749999999999,-8.8245,5.6755));
#2855=CARTESIAN_POINT('',(-1.03749999999999,-8.5,5.351));
#2856=CARTESIAN_POINT('Origin',(-4.05,8.,4.));
#2857=CARTESIAN_POINT('',(-4.05,8.6,4.));
#2858=CARTESIAN_POINT('Origin',(-4.05,8.,4.));
#2859=CARTESIAN_POINT('Origin',(-4.05,8.,4.));
#2860=CARTESIAN_POINT('Origin',(-4.05,-8.,4.));
#2861=CARTESIAN_POINT('Origin',(-4.05,-8.,4.));
#2862=CARTESIAN_POINT('Origin',(0.,0.,0.));
#2863=CARTESIAN_POINT('Origin',(0.,0.,13.));
#2864=CARTESIAN_POINT('Origin',(-3.525,0.,6.3));
#2865=CARTESIAN_POINT('',(-7.05,-9.8,6.3));
#2866=CARTESIAN_POINT('Origin',(-3.475,0.,0.));
#2867=CARTESIAN_POINT('',(3.26250000000002,8.5,0.));
#2868=CARTESIAN_POINT('',(1.76250000000001,-8.50000000000001,0.));
#2869=CARTESIAN_POINT('',(-7.05,-9.8,0.));
#2870=CARTESIAN_POINT('Origin',(-3.,8.5,0.));
#2871=CARTESIAN_POINT('Origin',(1.11022302462516E-14,-8.5,0.));
#2872=CARTESIAN_POINT('Origin',(-7.05,-8.,4.));
#2873=CARTESIAN_POINT('',(-7.05,-7.4,4.));
#2874=CARTESIAN_POINT('Origin',(-7.05,-8.,4.));
#2875=CARTESIAN_POINT('',(-7.05,-7.4,4.));
#2876=CARTESIAN_POINT('Origin',(-7.05,8.,4.));
#2877=CARTESIAN_POINT('',(-7.05,8.6,4.));
#2878=CARTESIAN_POINT('Origin',(-7.05,8.,4.));
#2879=CARTESIAN_POINT('',(-7.05,8.6,4.));
#2880=CARTESIAN_POINT('Origin',(-7.05,6.7,6.3));
#2881=CARTESIAN_POINT('',(-7.05,6.7,6.3));
#2882=CARTESIAN_POINT('',(-7.05,9.22704280155642,4.83268482490272));
#2883=CARTESIAN_POINT('',(-5.2875,6.7,6.3));
#2884=CARTESIAN_POINT('Origin',(-3.525,0.,6.3));
#2885=CARTESIAN_POINT('',(-7.05,-9.8,6.3));
#2886=CARTESIAN_POINT('Origin',(-7.05,9.8,0.));
#2887=CARTESIAN_POINT('Ctrl Pts',(4.97489567660015E-16,-3.8163076635472,
13.));
#2888=CARTESIAN_POINT('Ctrl Pts',(-3.81630766354719,-3.81630766354719,13.));
#2889=CARTESIAN_POINT('Ctrl Pts',(-3.81630766354719,-1.11022302462516E-15,
13.));
#2890=CARTESIAN_POINT('Ctrl Pts',(-3.81630766354719,3.81630766354719,13.));
#2891=CARTESIAN_POINT('Ctrl Pts',(4.97489567660015E-16,3.81630766354719,
13.));
#2892=CARTESIAN_POINT('Ctrl Pts',(4.97489567660015E-16,-3.70575832343919,
13.0397195127586));
#2893=CARTESIAN_POINT('Ctrl Pts',(-3.70575832343919,-3.70575832343919,13.0397195127586));
#2894=CARTESIAN_POINT('Ctrl Pts',(-3.70575832343919,-1.11022302462516E-15,
13.0397195127586));
#2895=CARTESIAN_POINT('Ctrl Pts',(-3.70575832343919,3.70575832343919,13.0397195127586));
#2896=CARTESIAN_POINT('Ctrl Pts',(4.97489567660015E-16,3.70575832343919,
13.0397195127586));
#2897=CARTESIAN_POINT('Ctrl Pts',(4.97489567660015E-16,-3.38511245383677,
13.1528277821914));
#2898=CARTESIAN_POINT('Ctrl Pts',(-3.38511245383677,-3.38511245383677,13.1528277821914));
#2899=CARTESIAN_POINT('Ctrl Pts',(-3.38511245383677,-1.11022302462516E-15,
13.1528277821914));
#2900=CARTESIAN_POINT('Ctrl Pts',(-3.38511245383677,3.38511245383677,13.1528277821914));
#2901=CARTESIAN_POINT('Ctrl Pts',(4.97489567660015E-16,3.38511245383677,
13.1528277821914));
#2902=CARTESIAN_POINT('Ctrl Pts',(4.97489567660015E-16,-2.85228976081768,
13.3300577407559));
#2903=CARTESIAN_POINT('Ctrl Pts',(-2.85228976081768,-2.85228976081768,13.3300577407559));
#2904=CARTESIAN_POINT('Ctrl Pts',(-2.85228976081768,-1.11022302462516E-15,
13.3300577407559));
#2905=CARTESIAN_POINT('Ctrl Pts',(-2.85228976081768,2.85228976081768,13.3300577407559));
#2906=CARTESIAN_POINT('Ctrl Pts',(4.97489567660015E-16,2.85228976081768,
13.3300577407559));
#2907=CARTESIAN_POINT('Ctrl Pts',(4.97489567660015E-16,-2.10231583893678,
13.5492499470622));
#2908=CARTESIAN_POINT('Ctrl Pts',(-2.10231583893678,-2.10231583893678,13.5492499470622));
#2909=CARTESIAN_POINT('Ctrl Pts',(-2.10231583893678,-1.11022302462516E-15,
13.5492499470622));
#2910=CARTESIAN_POINT('Ctrl Pts',(-2.10231583893678,2.10231583893678,13.5492499470622));
#2911=CARTESIAN_POINT('Ctrl Pts',(4.97489567660015E-16,2.10231583893678,
13.5492499470622));
#2912=CARTESIAN_POINT('Ctrl Pts',(4.97489567660015E-16,-1.33925677081667,
13.7101518643363));
#2913=CARTESIAN_POINT('Ctrl Pts',(-1.33925677081667,-1.33925677081667,13.7101518643363));
#2914=CARTESIAN_POINT('Ctrl Pts',(-1.33925677081667,-1.11022302462516E-15,
13.7101518643363));
#2915=CARTESIAN_POINT('Ctrl Pts',(-1.33925677081667,1.33925677081667,13.7101518643363));
#2916=CARTESIAN_POINT('Ctrl Pts',(4.97489567660015E-16,1.33925677081667,
13.7101518643363));
#2917=CARTESIAN_POINT('Ctrl Pts',(4.97489567660015E-16,-0.676044098763043,
13.7836559555743));
#2918=CARTESIAN_POINT('Ctrl Pts',(-0.676044098763041,-0.676044098763043,
13.7836559555743));
#2919=CARTESIAN_POINT('Ctrl Pts',(-0.676044098763041,-1.11022302462516E-15,
13.7836559555743));
#2920=CARTESIAN_POINT('Ctrl Pts',(-0.676044098763041,0.676044098763041,
13.7836559555743));
#2921=CARTESIAN_POINT('Ctrl Pts',(4.97489567660015E-16,0.676044098763041,
13.7836559555743));
#2922=CARTESIAN_POINT('Ctrl Pts',(4.97489567660015E-16,-0.226571016571764,
13.8));
#2923=CARTESIAN_POINT('Ctrl Pts',(-0.226571016571762,-0.226571016571764,
13.8));
#2924=CARTESIAN_POINT('Ctrl Pts',(-0.226571016571762,-1.11022302462516E-15,
13.8));
#2925=CARTESIAN_POINT('Ctrl Pts',(-0.226571016571762,0.226571016571762,
13.8));
#2926=CARTESIAN_POINT('Ctrl Pts',(4.97489567660015E-16,0.226571016571762,
13.8));
#2927=CARTESIAN_POINT('Ctrl Pts',(4.97489567660015E-16,-1.11022302462516E-15,
13.8));
#2928=CARTESIAN_POINT('Ctrl Pts',(4.97489567660015E-16,-1.11022302462516E-15,
13.8));
#2929=CARTESIAN_POINT('Ctrl Pts',(4.97489567660015E-16,-1.11022302462516E-15,
13.8));
#2930=CARTESIAN_POINT('Ctrl Pts',(4.97489567660015E-16,-1.11022302462516E-15,
13.8));
#2931=CARTESIAN_POINT('Ctrl Pts',(4.97489567660015E-16,-1.11022302462516E-15,
13.8));
#2932=CARTESIAN_POINT('Origin',(4.97489567660015E-16,-1.11022302462516E-15,
12.9999999999985));
#2933=CARTESIAN_POINT('Origin',(4.97489567660015E-16,-1.11022302462516E-15,
12.7));
#2934=CARTESIAN_POINT('',(1.25064734913564E-15,6.15,12.7));
#2935=CARTESIAN_POINT('Origin',(1.11022302462516E-15,-1.43781604339707E-15,
12.4));
#2936=CARTESIAN_POINT('Ctrl Pts',(4.97489567660015E-16,-3.81630766355133,
12.9999999999985));
#2937=CARTESIAN_POINT('Ctrl Pts',(-3.81630766355132,-3.81630766355132,12.9999999999985));
#2938=CARTESIAN_POINT('Ctrl Pts',(-3.81630766355132,-1.11022302462516E-15,
12.9999999999985));
#2939=CARTESIAN_POINT('Ctrl Pts',(-3.81630766355132,3.81630766355132,12.9999999999985));
#2940=CARTESIAN_POINT('Ctrl Pts',(4.97489567660015E-16,3.81630766355132,
12.9999999999985));
#2941=CARTESIAN_POINT('Ctrl Pts',(4.97489567660015E-16,-3.9154191883491,
12.9643900047702));
#2942=CARTESIAN_POINT('Ctrl Pts',(-3.91541918834909,-3.91541918834909,12.9643900047702));
#2943=CARTESIAN_POINT('Ctrl Pts',(-3.91541918834909,-1.11022302462516E-15,
12.9643900047702));
#2944=CARTESIAN_POINT('Ctrl Pts',(-3.91541918834909,3.91541918834909,12.9643900047702));
#2945=CARTESIAN_POINT('Ctrl Pts',(4.97489567660015E-16,3.91541918834909,
12.9643900047702));
#2946=CARTESIAN_POINT('Ctrl Pts',(4.97489567660015E-16,-4.22381494055734,
12.8517726977221));
#2947=CARTESIAN_POINT('Ctrl Pts',(-4.22381494055734,-4.22381494055734,12.8517726977221));
#2948=CARTESIAN_POINT('Ctrl Pts',(-4.22381494055734,-1.11022302462516E-15,
12.8517726977221));
#2949=CARTESIAN_POINT('Ctrl Pts',(-4.22381494055734,4.22381494055733,12.8517726977221));
#2950=CARTESIAN_POINT('Ctrl Pts',(4.97489567660015E-16,4.22381494055734,
12.8517726977221));
#2951=CARTESIAN_POINT('Ctrl Pts',(4.97489567660015E-16,-4.53110911878494,
12.7342482184843));
#2952=CARTESIAN_POINT('Ctrl Pts',(-4.53110911878493,-4.53110911878494,12.7342482184843));
#2953=CARTESIAN_POINT('Ctrl Pts',(-4.53110911878494,-1.11022302462516E-15,
12.7342482184843));
#2954=CARTESIAN_POINT('Ctrl Pts',(-4.53110911878493,4.53110911878493,12.7342482184843));
#2955=CARTESIAN_POINT('Ctrl Pts',(4.97489567660015E-16,4.53110911878493,
12.7342482184843));
#2956=CARTESIAN_POINT('Ctrl Pts',(4.97489567660015E-16,-4.83747974953075,
12.6126096201785));
#2957=CARTESIAN_POINT('Ctrl Pts',(-4.83747974953074,-4.83747974953075,12.6126096201785));
#2958=CARTESIAN_POINT('Ctrl Pts',(-4.83747974953075,-1.11022302462516E-15,
12.6126096201785));
#2959=CARTESIAN_POINT('Ctrl Pts',(-4.83747974953074,4.83747974953074,12.6126096201785));
#2960=CARTESIAN_POINT('Ctrl Pts',(4.97489567660015E-16,4.83747974953075,
12.6126096201785));
#2961=CARTESIAN_POINT('Ctrl Pts',(4.97489567660015E-16,-5.14297179124862,
12.4870571788446));
#2962=CARTESIAN_POINT('Ctrl Pts',(-5.14297179124862,-5.14297179124862,12.4870571788446));
#2963=CARTESIAN_POINT('Ctrl Pts',(-5.14297179124862,-1.11022302462516E-15,
12.4870571788446));
#2964=CARTESIAN_POINT('Ctrl Pts',(-5.14297179124862,5.14297179124861,12.4870571788446));
#2965=CARTESIAN_POINT('Ctrl Pts',(4.97489567660015E-16,5.14297179124862,
12.4870571788446));
#2966=CARTESIAN_POINT('Ctrl Pts',(4.97489567660015E-16,-5.35,12.4));
#2967=CARTESIAN_POINT('Ctrl Pts',(-5.35,-5.35,12.4));
#2968=CARTESIAN_POINT('Ctrl Pts',(-5.35,-1.11022302462516E-15,12.4));
#2969=CARTESIAN_POINT('Ctrl Pts',(-5.35,5.35,12.4));
#2970=CARTESIAN_POINT('Ctrl Pts',(4.97489567660015E-16,5.35,12.4));
#2971=UNCERTAINTY_MEASURE_WITH_UNIT(LENGTH_MEASURE(0.01),#2975,
'DISTANCE_ACCURACY_VALUE',
'Maximum model space distance between geometric entities at asserted c
onnectivities');
#2972=UNCERTAINTY_MEASURE_WITH_UNIT(LENGTH_MEASURE(0.01),#2975,
'DISTANCE_ACCURACY_VALUE',
'Maximum model space distance between geometric entities at asserted c
onnectivities');
#2973=(
GEOMETRIC_REPRESENTATION_CONTEXT(3)
GLOBAL_UNCERTAINTY_ASSIGNED_CONTEXT((#2971))
GLOBAL_UNIT_ASSIGNED_CONTEXT((#2975,#2977,#2978))
REPRESENTATION_CONTEXT('','3D')
);
#2974=(
GEOMETRIC_REPRESENTATION_CONTEXT(3)
GLOBAL_UNCERTAINTY_ASSIGNED_CONTEXT((#2972))
GLOBAL_UNIT_ASSIGNED_CONTEXT((#2975,#2977,#2978))
REPRESENTATION_CONTEXT('','3D')
);
#2975=(
LENGTH_UNIT()
NAMED_UNIT(*)
SI_UNIT(.MILLI.,.METRE.)
);
#2976=(
LENGTH_UNIT()
NAMED_UNIT(*)
SI_UNIT($,.METRE.)
);
#2977=(
NAMED_UNIT(*)
PLANE_ANGLE_UNIT()
SI_UNIT($,.RADIAN.)
);
#2978=(
NAMED_UNIT(*)
SI_UNIT($,.STERADIAN.)
SOLID_ANGLE_UNIT()
);
#2979=SHAPE_DEFINITION_REPRESENTATION(#2980,#2981);
#2980=PRODUCT_DEFINITION_SHAPE('',$,#2983);
#2981=SHAPE_REPRESENTATION('',(#1537),#2973);
#2982=PRODUCT_DEFINITION_CONTEXT('part definition',#2987,'design');
#2983=PRODUCT_DEFINITION('O4 Wide','O4 Wide v5',#2984,#2982);
#2984=PRODUCT_DEFINITION_FORMATION('',$,#2989);
#2985=PRODUCT_RELATED_PRODUCT_CATEGORY('O4 Wide v5','O4 Wide v5',(#2989));
#2986=APPLICATION_PROTOCOL_DEFINITION('international standard',
'automotive_design',2009,#2987);
#2987=APPLICATION_CONTEXT(
'Core Data for Automotive Mechanical Design Process');
#2988=PRODUCT_CONTEXT('part definition',#2987,'mechanical');
#2989=PRODUCT('O4 Wide','O4 Wide v5',$,(#2988));
#2990=PRESENTATION_STYLE_ASSIGNMENT((#2991));
#2991=SURFACE_STYLE_USAGE(.BOTH.,#2992);
#2992=SURFACE_SIDE_STYLE('',(#2993));
#2993=SURFACE_STYLE_FILL_AREA(#2994);
#2994=FILL_AREA_STYLE('Stahl - satiniert',(#2995));
#2995=FILL_AREA_STYLE_COLOUR('Stahl - satiniert',#2996);
#2996=COLOUR_RGB('Stahl - satiniert',0.627450980392157,0.627450980392157,
0.627450980392157);
ENDSEC;
END-ISO-10303-21;
